flrID,catalog,instruments,beginTime,peakTime,endTime,classType,sourceLocation,activeRegionNum,note,submissionTime,versionId,link,linkedEvents,sentNotifications,data_evento,duracao_minutos,instrumentos
2026-01-01T02:15:00-FLR-001,M2M_CATALOG,[{'displayName': 'GOES-P: EXIS 1.0-8.0'}],2026-01-01 02:15:00+00:00,2026-01-01 02:25:00+00:00,2026-01-01 02:33:00+00:00,C9.6,S10E03,14325.0,,2026-01-01T18:32Z,1,https://webtools.ccmc.gsfc.nasa.gov/DONKI/view/FLR/43712/-1,[{'activityID': '2026-01-01T03:53:00-CME-001'}],,2026-01-01,18.0,GOES-P: EXIS 1.0-8.0
2026-01-01T17:27:00-FLR-001,M2M_CATALOG,[{'displayName': 'GOES-P: EXIS 1.0-8.0'}],2026-01-01 17:27:00+00:00,2026-01-01 17:59:00+00:00,2026-01-01 18:30:00+00:00,C6.2,N24E01,14324.0,,2026-01-01T21:18Z,1,https://webtools.ccmc.gsfc.nasa.gov/DONKI/view/FLR/43718/-1,[{'activityID': '2026-01-01T19:36:00-CME-001'}],,2026-01-01,63.0,GOES-P: EXIS 1.0-8.0
2026-01-06T00:10:00-FLR-001,M2M_CATALOG,[{'displayName': 'GOES-P: EXIS 1.0-8.0'}],2026-01-06 00:10:00+00:00,2026-01-06 00:26:00+00:00,2026-01-06 00:50:00+00:00,C2.2,S15E33,14334.0,,2026-01-06T20:06Z,2,https://webtools.ccmc.gsfc.nasa.gov/DONKI/view/FLR/43771/-1,[{'activityID': '2026-01-06T02:00:00-CME-001'}],,2026-01-06,40.0,GOES-P: EXIS 1.0-8.0
2026-01-06T15:43:00-FLR-001,M2M_CATALOG,[{'displayName': 'GOES-P: EXIS 1.0-8.0'}],2026-01-06 15:43:00+00:00,2026-01-06 15:55:00+00:00,2026-01-06 16:04:00+00:00,C4.0,S13E25,14334.0,,2026-01-06T22:30Z,1,https://webtools.ccmc.gsfc.nasa.gov/DONKI/view/FLR/43786/-1,[{'activityID': '2026-01-06T16:38:00-CME-001'}],,2026-01-06,21.0,GOES-P: EXIS 1.0-8.0
2026-01-07T03:44:00-FLR-001,M2M_CATALOG,[{'displayName': 'GOES-P: EXIS 1.0-8.0'}],2026-01-07 03:44:00+00:00,2026-01-07 03:54:00+00:00,2026-01-07 03:57:00+00:00,C2.9,S15E18,14334.0,,2026-01-07T14:13Z,1,https://webtools.ccmc.gsfc.nasa.gov/DONKI/view/FLR/43791/-1,[{'activityID': '2026-01-07T04:23:00-CME-001'}],,2026-01-07,13.0,GOES-P: EXIS 1.0-8.0
2026-01-07T06:06:00-FLR-001,M2M_CATALOG,[{'displayName': 'GOES-P: EXIS 1.0-8.0'}],2026-01-07 06:06:00+00:00,2026-01-07 06:12:00+00:00,2026-01-07 06:14:00+00:00,C7.4,S15E16,14334.0,,2026-01-12T02:44Z,2,https://webtools.ccmc.gsfc.nasa.gov/DONKI/view/FLR/43808/-1,[{'activityID': '2026-01-07T06:53:00-CME-001'}],,2026-01-07,8.0,GOES-P: EXIS 1.0-8.0
2026-01-08T05:24:00-FLR-001,M2M_CATALOG,[{'displayName': 'GOES-P: EXIS 1.0-8.0'}],2026-01-08 05:24:00+00:00,2026-01-08 05:42:00+00:00,2026-01-08 05:49:00+00:00,C4.4,S18E05,14334.0,,2026-01-08T13:32Z,1,https://webtools.ccmc.gsfc.nasa.gov/DONKI/view/FLR/43818/-1,[{'activityID': '2026-01-08T05:53:00-CME-001'}],,2026-01-08,25.0,GOES-P: EXIS 1.0-8.0
2026-01-08T16:18:00-FLR-001,M2M_CATALOG,[{'displayName': 'GOES-P: EXIS 1.0-8.0'}],2026-01-08 16:18:00+00:00,2026-01-08 17:30:00+00:00,2026-01-08 18:46:00+00:00,C5.6,S18E03,14334.0,,2026-01-08T22:26Z,2,https://webtools.ccmc.gsfc.nasa.gov/DONKI/view/FLR/43838/-1,[{'activityID': '2026-01-08T17:00:00-CME-001'}],,2026-01-08,148.0,GOES-P: EXIS 1.0-8.0
2026-01-08T19:45:00-FLR-001,M2M_CATALOG,[{'displayName': 'GOES-P: EXIS 1.0-8.0'}],2026-01-08 19:45:00+00:00,2026-01-08 19:56:00+00:00,2026-01-08 20:07:00+00:00,C3.4,S14W04,14334.0,,2026-01-09T17:47Z,1,https://webtools.ccmc.gsfc.nasa.gov/DONKI/view/FLR/43866/-1,[{'activityID': '2026-01-08T21:48:00-CME-001'}],,2026-01-08,22.0,GOES-P: EXIS 1.0-8.0
2026-01-10T19:31:00-FLR-001,M2M_CATALOG,[{'displayName': 'GOES-P: EXIS 1.0-8.0'}],2026-01-10 19:31:00+00:00,2026-01-10 19:42:00+00:00,2026-01-10 20:00:00+00:00,C2.1,S16W04,14339.0,,2026-01-11T02:28Z,1,https://webtools.ccmc.gsfc.nasa.gov/DONKI/view/FLR/43894/-1,"[{'activityID': '2026-01-10T20:36:00-CME-001'}, {'activityID': '2026-01-10T20:48:00-CME-001'}]",,2026-01-10,29.0,GOES-P: EXIS 1.0-8.0
2026-01-11T21:53:00-FLR-001,M2M_CATALOG,[{'displayName': 'GOES-P: EXIS 1.0-8.0'}],2026-01-11 21:53:00+00:00,2026-01-11 23:14:00+00:00,2026-01-12 00:31:00+00:00,M3.3,S10E90,14341.0,This flare originates from beyond the east limb as seen from SDO AIA imagery and is likely occulted. Active Region 14341 was numbered on 2026-01-14.,2026-01-14T17:12Z,3,https://webtools.ccmc.gsfc.nasa.gov/DONKI/view/FLR/43907/-1,[{'activityID': '2026-01-11T22:45:00-CME-001'}],,2026-01-11,158.0,GOES-P: EXIS 1.0-8.0
2026-01-14T20:10:00-FLR-001,M2M_CATALOG,[{'displayName': 'GOES-P: EXIS 1.0-8.0'}],2026-01-14 20:10:00+00:00,2026-01-14 20:33:00+00:00,2026-01-14 20:52:00+00:00,M1.6,S14E70,14341.0,,2026-01-14T20:57Z,1,https://webtools.ccmc.gsfc.nasa.gov/DONKI/view/FLR/43960/-1,,,2026-01-14,42.0,GOES-P: EXIS 1.0-8.0
2026-01-14T23:33:00-FLR-001,M2M_CATALOG,[{'displayName': 'GOES-P: EXIS 1.0-8.0'}],2026-01-14 23:33:00+00:00,2026-01-14 23:56:00+00:00,2026-01-15 00:27:00+00:00,C3.8,N15E05,14340.0,,2026-01-15T03:05Z,1,https://webtools.ccmc.gsfc.nasa.gov/DONKI/view/FLR/43961/-1,[{'activityID': '2026-01-15T00:36:00-CME-001'}],,2026-01-14,54.0,GOES-P: EXIS 1.0-8.0
2026-01-16T08:47:00-FLR-001,M2M_CATALOG,[{'displayName': 'GOES-P: EXIS 1.0-8.0'}],2026-01-16 08:47:00+00:00,2026-01-16 09:09:00+00:00,2026-01-16 09:22:00+00:00,C6.6,S17E58,14345.0,,2026-01-16T13:19Z,1,https://webtools.ccmc.gsfc.nasa.gov/DONKI/view/FLR/43983/-1,[{'activityID': '2026-01-16T09:38:00-CME-001'}],,2026-01-16,35.0,GOES-P: EXIS 1.0-8.0
2026-01-17T02:42:00-FLR-001,M2M_CATALOG,[{'displayName': 'GOES-P: EXIS 1.0-8.0'}],2026-01-17 02:42:00+00:00,2026-01-17 02:46:00+00:00,2026-01-17 02:48:00+00:00,C4.7,S09W88,14336.0,,2026-01-17T18:32Z,1,https://webtools.ccmc.gsfc.nasa.gov/DONKI/view/FLR/43994/-1,[{'activityID': '2026-01-17T03:00:00-CME-001'}],,2026-01-17,6.0,GOES-P: EXIS 1.0-8.0
2026-01-17T10:19:00-FLR-001,M2M_CATALOG,[{'displayName': 'GOES-P: EXIS 1.0-8.0'}],2026-01-17 10:19:00+00:00,2026-01-17 10:29:00+00:00,2026-01-17 10:32:00+00:00,M2.1,S07E36,14341.0,,2026-01-17T13:31Z,1,https://webtools.ccmc.gsfc.nasa.gov/DONKI/view/FLR/43991/-1,,,2026-01-17,13.0,GOES-P: EXIS 1.0-8.0
2026-01-17T23:46:00-FLR-001,M2M_CATALOG,[{'displayName': 'GOES-P: EXIS 1.0-8.0'}],2026-01-17 23:46:00+00:00,2026-01-17 23:51:00+00:00,2026-01-17 23:54:00+00:00,M1.1,S10E30,14341.0,,2026-01-18T00:14Z,1,https://webtools.ccmc.gsfc.nasa.gov/DONKI/view/FLR/44003/-1,,,2026-01-17,8.0,GOES-P: EXIS 1.0-8.0
2026-01-18T17:27:00-FLR-001,M2M_CATALOG,[{'displayName': 'GOES-P: EXIS 1.0-8.0'}],2026-01-18 17:27:00+00:00,2026-01-18 18:09:00+00:00,2026-01-18 18:51:00+00:00,X1.9,S15E20,14341.0,,2026-01-18T19:56Z,2,https://webtools.ccmc.gsfc.nasa.gov/DONKI/view/FLR/44029/-1,"[{'activityID': '2026-01-18T18:09:00-CME-001'}, {'activityID': '2026-01-18T22:33:00-SEP-001'}, {'activityID': '2026-01-18T22:55:00-SEP-001'}, {'activityID': '2026-01-19T02:57:00-SEP-001'}, {'activityID': '2026-01-19T04:15:00-SEP-001'}, {'activityID': '2026-01-19T04:36:00-SEP-001'}, {'activityID': '2026-01-19T06:05:00-SEP-001'}, {'activityID': '2026-01-19T06:39:00-SEP-001'}, {'activityID': '2026-01-19T10:58:00-SEP-001'}, {'activityID': '2026-01-21T03:00:00-SEP-001'}]","[{'messageID': '20260118-AL-004', 'messageIssueTime': '2026-01-18T18:27Z', 'messageURL': 'https://webtools.ccmc.gsfc.nasa.gov/DONKI/view/Alert/44030/1'}, {'messageID': '20260120-AL-003', 'messageIssueTime': '2026-01-20T13:08Z', 'messageURL': 'https://webtools.ccmc.gsfc.nasa.gov/DONKI/view/Alert/44089/1'}]",2026-01-18,84.0,GOES-P: EXIS 1.0-8.0
2026-01-19T11:09:00-FLR-001,M2M_CATALOG,[{'displayName': 'GOES-P: EXIS 1.0-8.0'}],2026-01-19 11:09:00+00:00,2026-01-19 11:19:00+00:00,2026-01-19 11:22:00+00:00,M1.1,S17E17,14345.0,,2026-01-19T14:02Z,1,https://webtools.ccmc.gsfc.nasa.gov/DONKI/view/FLR/44051/-1,[{'activityID': '2026-01-18T22:55:00-SEP-001'}],,2026-01-19,13.0,GOES-P: EXIS 1.0-8.0
2026-01-20T05:28:00-FLR-001,M2M_CATALOG,[{'displayName': 'GOES-P: EXIS 1.0-8.0'}],2026-01-20 05:28:00+00:00,2026-01-20 05:32:00+00:00,2026-01-20 05:34:00+00:00,C2.1,S10E70,14349.0,,2026-01-20T18:03Z,1,https://webtools.ccmc.gsfc.nasa.gov/DONKI/view/FLR/44093/-1,[{'activityID': '2026-01-20T06:36:00-CME-001'}],,2026-01-20,6.0,GOES-P: EXIS 1.0-8.0
2026-01-21T01:15:00-FLR-001,M2M_CATALOG,[{'displayName': 'GOES-P: EXIS 1.0-8.0'}],2026-01-21 01:15:00+00:00,2026-01-21 01:41:00+00:00,2026-01-21 01:58:00+00:00,M1.1,S15W08,14345.0,,2026-01-21T02:17Z,1,https://webtools.ccmc.gsfc.nasa.gov/DONKI/view/FLR/44106/-1,,,2026-01-21,43.0,GOES-P: EXIS 1.0-8.0
2026-01-21T06:53:00-FLR-001,M2M_CATALOG,[{'displayName': 'GOES-P: EXIS 1.0-8.0'}],2026-01-21 06:53:00+00:00,2026-01-21 07:12:00+00:00,2026-01-21 07:22:00+00:00,M3.4,S17E60,14349.0,,2026-01-21T12:09Z,1,https://webtools.ccmc.gsfc.nasa.gov/DONKI/view/FLR/44109/-1,,,2026-01-21,29.0,GOES-P: EXIS 1.0-8.0
2026-01-25T10:12:00-FLR-001,M2M_CATALOG,[{'displayName': 'GOES-P: EXIS 1.0-8.0'}],2026-01-25 10:12:00+00:00,2026-01-25 10:30:00+00:00,2026-01-25 10:41:00+00:00,C6.3,S05W27,14351.0,,2026-01-25T20:31Z,1,https://webtools.ccmc.gsfc.nasa.gov/DONKI/view/FLR/44209/-1,[{'activityID': '2026-01-25T12:00:00-CME-001'}],,2026-01-25,29.0,GOES-P: EXIS 1.0-8.0
2026-01-25T19:06:00-FLR-001,M2M_CATALOG,[{'displayName': 'GOES-P: EXIS 1.0-8.0'}],2026-01-25 19:06:00+00:00,2026-01-25 20:25:00+00:00,2026-01-25 21:00:00+00:00,C3.1,S16W66,14345.0,,2026-01-26T02:19Z,2,https://webtools.ccmc.gsfc.nasa.gov/DONKI/view/FLR/44212/-1,[{'activityID': '2026-01-25T20:12:00-CME-001'}],,2026-01-25,114.0,GOES-P: EXIS 1.0-8.0
2026-01-25T21:36:00-FLR-001,M2M_CATALOG,[{'displayName': 'GOES-P: EXIS 1.0-8.0'}],2026-01-25 21:36:00+00:00,2026-01-25 21:43:00+00:00,2026-01-25 21:47:00+00:00,C7.9,N18W70,14342.0,,2026-01-26T01:56Z,1,https://webtools.ccmc.gsfc.nasa.gov/DONKI/view/FLR/44218/-1,[{'activityID': '2026-01-25T21:48:00-CME-001'}],,2026-01-25,11.0,GOES-P: EXIS 1.0-8.0
2026-01-27T09:39:00-FLR-001,M2M_CATALOG,[{'displayName': 'GOES-P: EXIS 1.0-8.0'}],2026-01-27 09:39:00+00:00,2026-01-27 09:43:00+00:00,2026-01-27 09:45:00+00:00,C2.9,S23E90,,,2026-01-27T19:20Z,1,https://webtools.ccmc.gsfc.nasa.gov/DONKI/view/FLR/44236/-1,[{'activityID': '2026-01-27T10:36:00-CME-001'}],,2026-01-27,6.0,GOES-P: EXIS 1.0-8.0
2026-01-29T14:04:00-FLR-001,M2M_CATALOG,[{'displayName': 'GOES-P: EXIS 1.0-8.0'}],2026-01-29 14:04:00+00:00,2026-01-29 14:31:00+00:00,2026-01-29 14:50:00+00:00,C1.2,N18W61,14350.0,,2026-01-29T17:30Z,1,https://webtools.ccmc.gsfc.nasa.gov/DONKI/view/FLR/44276/-1,[{'activityID': '2026-01-29T15:00:00-CME-001'}],,2026-01-29,46.0,GOES-P: EXIS 1.0-8.0
2026-01-31T04:49:00-FLR-001,M2M_CATALOG,[{'displayName': 'GOES-P: EXIS 1.0-8.0'}],2026-01-31 04:49:00+00:00,2026-01-31 05:12:00+00:00,2026-01-31 05:26:00+00:00,C6.0,S04W107,14351.0,"Occulted flare from behind the W limb as seen from SDO AIA 131. The flare and associated eruption are seen in STEREO A EUV imagery at 2026-01-31T04:49Z, located in former Active Region 4351 (S04W55 as seen from STEREO A).",2026-01-31T18:04Z,1,https://webtools.ccmc.gsfc.nasa.gov/DONKI/view/FLR/44300/-1,[{'activityID': '2026-01-31T05:12:00-CME-001'}],,2026-01-31,37.0,GOES-P: EXIS 1.0-8.0
2026-01-31T18:21:00-FLR-001,M2M_CATALOG,[{'displayName': 'GOES-P: EXIS 1.0-8.0'}],2026-01-31 18:21:00+00:00,2026-01-31 18:33:00+00:00,2026-01-31 18:41:00+00:00,C7.0,N16E56,14366.0,,2026-02-01T02:09Z,1,https://webtools.ccmc.gsfc.nasa.gov/DONKI/view/FLR/44317/-1,[{'activityID': '2026-02-01T12:48:00-CME-001'}],,2026-01-31,20.0,GOES-P: EXIS 1.0-8.0
2026-02-01T01:52:00-FLR-001,M2M_CATALOG,[{'displayName': 'GOES-P: EXIS 1.0-8.0'}],2026-02-01 01:52:00+00:00,2026-02-01 02:05:00+00:00,2026-02-01 02:12:00+00:00,M1.7,N13E46,14366.0,,2026-02-01T02:20Z,1,https://webtools.ccmc.gsfc.nasa.gov/DONKI/view/FLR/44318/-1,,,2026-02-01,20.0,GOES-P: EXIS 1.0-8.0
2026-02-01T03:31:00-FLR-001,M2M_CATALOG,[{'displayName': 'GOES-P: EXIS 1.0-8.0'}],2026-02-01 03:31:00+00:00,2026-02-01 03:41:00+00:00,2026-02-01 03:50:00+00:00,M1.0,N15E47,14366.0,,2026-02-01T14:16Z,1,https://webtools.ccmc.gsfc.nasa.gov/DONKI/view/FLR/44335/-1,,,2026-02-01,19.0,GOES-P: EXIS 1.0-8.0
2026-02-01T04:08:00-FLR-001,M2M_CATALOG,[{'displayName': 'GOES-P: EXIS 1.0-8.0'}],2026-02-01 04:08:00+00:00,2026-02-01 04:20:00+00:00,2026-02-01 04:35:00+00:00,M1.9,N13E46,14366.0,,2026-02-01T14:18Z,1,https://webtools.ccmc.gsfc.nasa.gov/DONKI/view/FLR/44336/-1,,,2026-02-01,27.0,GOES-P: EXIS 1.0-8.0
2026-02-01T09:53:00-FLR-001,M2M_CATALOG,[{'displayName': 'GOES-P: EXIS 1.0-8.0'}],2026-02-01 09:53:00+00:00,2026-02-01 10:02:00+00:00,2026-02-01 10:06:00+00:00,M6.6,N13E43,14366.0,,2026-02-01T13:26Z,2,https://webtools.ccmc.gsfc.nasa.gov/DONKI/view/FLR/44322/-1,,"[{'messageID': '20260201-AL-002', 'messageIssueTime': '2026-02-01T10:05Z', 'messageURL': 'https://webtools.ccmc.gsfc.nasa.gov/DONKI/view/Alert/44323/1'}, {'messageID': '20260201-AL-006', 'messageIssueTime': '2026-02-01T13:28Z', 'messageURL': 'https://webtools.ccmc.gsfc.nasa.gov/DONKI/view/Alert/44330/1'}]",2026-02-01,13.0,GOES-P: EXIS 1.0-8.0
2026-02-01T10:09:00-FLR-001,M2M_CATALOG,[{'displayName': 'GOES-P: EXIS 1.0-8.0'}],2026-02-01 10:09:00+00:00,2026-02-01 10:13:00+00:00,2026-02-01 10:17:00+00:00,M2.8,N13E43,14366.0,,2026-02-01T14:29Z,1,https://webtools.ccmc.gsfc.nasa.gov/DONKI/view/FLR/44337/-1,,,2026-02-01,8.0,GOES-P: EXIS 1.0-8.0
2026-02-01T10:28:00-FLR-001,M2M_CATALOG,[{'displayName': 'GOES-P: EXIS 1.0-8.0'}],2026-02-01 10:28:00+00:00,2026-02-01 10:42:00+00:00,2026-02-01 10:50:00+00:00,M2.4,N13E43,14366.0,,2026-02-01T14:00Z,1,https://webtools.ccmc.gsfc.nasa.gov/DONKI/view/FLR/44334/-1,,,2026-02-01,22.0,GOES-P: EXIS 1.0-8.0
2026-02-01T11:52:00-FLR-001,M2M_CATALOG,[{'displayName': 'GOES-P: EXIS 1.0-8.0'}],2026-02-01 11:52:00+00:00,2026-02-01 12:12:00+00:00,2026-02-01 12:20:00+00:00,M6.7,N13E42,14366.0,,2026-02-01T13:30Z,2,https://webtools.ccmc.gsfc.nasa.gov/DONKI/view/FLR/44324/-1,,"[{'messageID': '20260201-AL-003', 'messageIssueTime': '2026-02-01T12:17Z', 'messageURL': 'https://webtools.ccmc.gsfc.nasa.gov/DONKI/view/Alert/44325/1'}, {'messageID': '20260201-AL-007', 'messageIssueTime': '2026-02-01T13:31Z', 'messageURL': 'https://webtools.ccmc.gsfc.nasa.gov/DONKI/view/Alert/44331/1'}]",2026-02-01,28.0,GOES-P: EXIS 1.0-8.0
2026-02-01T12:25:00-FLR-001,M2M_CATALOG,[{'displayName': 'GOES-P: EXIS 1.0-8.0'}],2026-02-01 12:25:00+00:00,2026-02-01 12:33:00+00:00,2026-02-01 12:37:00+00:00,X1.0,N13E42,14366.0,,2026-02-01T13:35Z,2,https://webtools.ccmc.gsfc.nasa.gov/DONKI/view/FLR/44326/-1,,"[{'messageID': '20260201-AL-004', 'messageIssueTime': '2026-02-01T12:55Z', 'messageURL': 'https://webtools.ccmc.gsfc.nasa.gov/DONKI/view/Alert/44327/1'}, {'messageID': '20260201-AL-008', 'messageIssueTime': '2026-02-01T13:35Z', 'messageURL': 'https://webtools.ccmc.gsfc.nasa.gov/DONKI/view/Alert/44332/1'}]",2026-02-01,12.0,GOES-P: EXIS 1.0-8.0
2026-02-01T12:44:00-FLR-001,M2M_CATALOG,[{'displayName': 'GOES-P: EXIS 1.0-8.0'}],2026-02-01 12:44:00+00:00,2026-02-01 12:50:00+00:00,2026-02-01 12:56:00+00:00,M5.8,N13E41,14366.0,,2026-02-01T13:37Z,2,https://webtools.ccmc.gsfc.nasa.gov/DONKI/view/FLR/44328/-1,,"[{'messageID': '20260201-AL-005', 'messageIssueTime': '2026-02-01T12:55Z', 'messageURL': 'https://webtools.ccmc.gsfc.nasa.gov/DONKI/view/Alert/44329/1'}, {'messageID': '20260201-AL-009', 'messageIssueTime': '2026-02-01T13:38Z', 'messageURL': 'https://webtools.ccmc.gsfc.nasa.gov/DONKI/view/Alert/44333/1'}]",2026-02-01,12.0,GOES-P: EXIS 1.0-8.0
2026-02-01T13:52:00-FLR-001,M2M_CATALOG,[{'displayName': 'GOES-P: EXIS 1.0-8.0'}],2026-02-01 13:52:00+00:00,2026-02-01 13:59:00+00:00,2026-02-01 14:04:00+00:00,M1.2,N14E43,14366.0,,2026-02-01T15:44Z,1,https://webtools.ccmc.gsfc.nasa.gov/DONKI/view/FLR/44339/-1,,,2026-02-01,12.0,GOES-P: EXIS 1.0-8.0
2026-02-01T14:18:00-FLR-001,M2M_CATALOG,[{'displayName': 'GOES-P: EXIS 1.0-8.0'}],2026-02-01 14:18:00+00:00,2026-02-01 14:25:00+00:00,2026-02-01 14:29:00+00:00,M1.5,N13E40,14366.0,,2026-02-01T15:10Z,1,https://webtools.ccmc.gsfc.nasa.gov/DONKI/view/FLR/44338/-1,,,2026-02-01,11.0,GOES-P: EXIS 1.0-8.0
2026-02-01T15:37:00-FLR-001,M2M_CATALOG,[{'displayName': 'GOES-P: EXIS 1.0-8.0'}],2026-02-01 15:37:00+00:00,2026-02-01 15:48:00+00:00,2026-02-01 15:57:00+00:00,M1.5,N13E40,14366.0,,2026-02-01T16:32Z,1,https://webtools.ccmc.gsfc.nasa.gov/DONKI/view/FLR/44343/-1,,,2026-02-01,20.0,GOES-P: EXIS 1.0-8.0
2026-02-01T15:57:00-FLR-001,M2M_CATALOG,[{'displayName': 'GOES-P: EXIS 1.0-8.0'}],2026-02-01 15:57:00+00:00,2026-02-01 16:05:00+00:00,2026-02-01 16:16:00+00:00,M5.1,N15E42,14366.0,,2026-02-01T16:30Z,2,https://webtools.ccmc.gsfc.nasa.gov/DONKI/view/FLR/44340/-1,,"[{'messageID': '20260201-AL-010', 'messageIssueTime': '2026-02-01T16:25Z', 'messageURL': 'https://webtools.ccmc.gsfc.nasa.gov/DONKI/view/Alert/44341/1'}, {'messageID': '20260201-AL-011', 'messageIssueTime': '2026-02-01T16:30Z', 'messageURL': 'https://webtools.ccmc.gsfc.nasa.gov/DONKI/view/Alert/44342/1'}]",2026-02-01,19.0,GOES-P: EXIS 1.0-8.0
2026-02-01T16:47:00-FLR-001,M2M_CATALOG,[{'displayName': 'GOES-P: EXIS 1.0-8.0'}],2026-02-01 16:47:00+00:00,2026-02-01 16:51:00+00:00,2026-02-01 17:16:00+00:00,M1.2,N13E39,14366.0,,2026-02-01T18:56Z,1,https://webtools.ccmc.gsfc.nasa.gov/DONKI/view/FLR/44347/-1,,,2026-02-01,29.0,GOES-P: EXIS 1.0-8.0
2026-02-01T17:32:00-FLR-001,M2M_CATALOG,[{'displayName': 'GOES-P: EXIS 1.0-8.0'}],2026-02-01 17:32:00+00:00,2026-02-01 17:35:00+00:00,2026-02-01 17:40:00+00:00,M1.1,N13E40,14366.0,,2026-02-01T18:48Z,1,https://webtools.ccmc.gsfc.nasa.gov/DONKI/view/FLR/44344/-1,,,2026-02-01,8.0,GOES-P: EXIS 1.0-8.0
2026-02-01T17:43:00-FLR-001,M2M_CATALOG,[{'displayName': 'GOES-P: EXIS 1.0-8.0'}],2026-02-01 17:43:00+00:00,2026-02-01 17:58:00+00:00,2026-02-01 18:15:00+00:00,M2.5,N13E38,14366.0,,2026-02-01T18:52Z,1,https://webtools.ccmc.gsfc.nasa.gov/DONKI/view/FLR/44345/-1,,,2026-02-01,32.0,GOES-P: EXIS 1.0-8.0
2026-02-01T18:15:00-FLR-001,M2M_CATALOG,[{'displayName': 'GOES-P: EXIS 1.0-8.0'}],2026-02-01 18:15:00+00:00,2026-02-01 18:19:00+00:00,2026-02-01 18:22:00+00:00,M2.1,N13E38,14366.0,,2026-02-01T18:54Z,1,https://webtools.ccmc.gsfc.nasa.gov/DONKI/view/FLR/44346/-1,,,2026-02-01,7.0,GOES-P: EXIS 1.0-8.0
2026-02-01T18:48:00-FLR-001,M2M_CATALOG,[{'displayName': 'GOES-P: EXIS 1.0-8.0'}],2026-02-01 18:48:00+00:00,2026-02-01 18:56:00+00:00,2026-02-01 19:02:00+00:00,M1.9,N13E38,14366.0,,2026-02-01T19:10Z,1,https://webtools.ccmc.gsfc.nasa.gov/DONKI/view/FLR/44348/-1,,,2026-02-01,14.0,GOES-P: EXIS 1.0-8.0
2026-02-01T19:12:00-FLR-001,M2M_CATALOG,[{'displayName': 'GOES-P: EXIS 1.0-8.0'}],2026-02-01 19:12:00+00:00,2026-02-01 19:22:00+00:00,2026-02-01 19:34:00+00:00,M1.8,N13E38,14366.0,,2026-02-01T20:44Z,1,https://webtools.ccmc.gsfc.nasa.gov/DONKI/view/FLR/44357/-1,,,2026-02-01,22.0,GOES-P: EXIS 1.0-8.0
2026-02-01T20:20:00-FLR-001,M2M_CATALOG,[{'displayName': 'GOES-P: EXIS 1.0-8.0'}],2026-02-01 20:20:00+00:00,2026-02-01 20:30:00+00:00,2026-02-01 20:39:00+00:00,M2.2,N13E36,14366.0,,2026-02-01T21:07Z,1,https://webtools.ccmc.gsfc.nasa.gov/DONKI/view/FLR/44358/-1,,,2026-02-01,19.0,GOES-P: EXIS 1.0-8.0
2026-02-01T23:12:00-FLR-001,M2M_CATALOG,[{'displayName': 'GOES-P: EXIS 1.0-8.0'}],2026-02-01 23:12:00+00:00,2026-02-01 23:27:00+00:00,2026-02-01 23:44:00+00:00,M1.3,N13E35,14366.0,,2026-02-01T23:53Z,1,https://webtools.ccmc.gsfc.nasa.gov/DONKI/view/FLR/44360/-1,,,2026-02-01,32.0,GOES-P: EXIS 1.0-8.0
2026-02-01T23:44:00-FLR-001,M2M_CATALOG,[{'displayName': 'GOES-P: EXIS 1.0-8.0'}],2026-02-01 23:44:00+00:00,2026-02-01 23:57:00+00:00,2026-02-02 00:04:00+00:00,X8.1,N13E35,14366.0,,2026-02-02T00:10Z,2,https://webtools.ccmc.gsfc.nasa.gov/DONKI/view/FLR/44361/-1,[{'activityID': '2026-02-02T00:48:00-CME-001'}],"[{'messageID': '20260202-AL-001', 'messageIssueTime': '2026-02-02T00:01Z', 'messageURL': 'https://webtools.ccmc.gsfc.nasa.gov/DONKI/view/Alert/44362/1'}, {'messageID': '20260202-AL-002', 'messageIssueTime': '2026-02-02T00:11Z', 'messageURL': 'https://webtools.ccmc.gsfc.nasa.gov/DONKI/view/Alert/44363/1'}]",2026-02-01,20.0,GOES-P: EXIS 1.0-8.0
2026-02-02T00:31:00-FLR-001,M2M_CATALOG,[{'displayName': 'GOES-P: EXIS 1.0-8.0'}],2026-02-02 00:31:00+00:00,2026-02-02 00:36:00+00:00,2026-02-02 00:40:00+00:00,X2.8,N13E35,14366.0,,2026-02-02T00:55Z,2,https://webtools.ccmc.gsfc.nasa.gov/DONKI/view/FLR/44364/-1,[{'activityID': '2026-02-02T00:48:00-CME-001'}],"[{'messageID': '20260202-AL-003', 'messageIssueTime': '2026-02-02T00:41Z', 'messageURL': 'https://webtools.ccmc.gsfc.nasa.gov/DONKI/view/Alert/44365/1'}, {'messageID': '20260202-AL-004', 'messageIssueTime': '2026-02-02T00:57Z', 'messageURL': 'https://webtools.ccmc.gsfc.nasa.gov/DONKI/view/Alert/44366/1'}]",2026-02-02,9.0,GOES-P: EXIS 1.0-8.0
2026-02-02T02:35:00-FLR-001,M2M_CATALOG,[{'displayName': 'GOES-P: EXIS 1.0-8.0'}],2026-02-02 02:35:00+00:00,2026-02-02 02:42:00+00:00,2026-02-02 02:44:00+00:00,M4.4,N13E35,14366.0,,2026-02-02T02:58Z,1,https://webtools.ccmc.gsfc.nasa.gov/DONKI/view/FLR/44369/-1,,,2026-02-02,9.0,GOES-P: EXIS 1.0-8.0
2026-02-02T02:45:00-FLR-001,M2M_CATALOG,[{'displayName': 'GOES-P: EXIS 1.0-8.0'}],2026-02-02 02:45:00+00:00,2026-02-02 02:51:00+00:00,2026-02-02 02:59:00+00:00,M5.2,N13E35,14366.0,,2026-02-02T03:05Z,2,https://webtools.ccmc.gsfc.nasa.gov/DONKI/view/FLR/44367/-1,[{'activityID': '2026-02-02T03:12:00-CME-001'}],"[{'messageID': '20260202-AL-005', 'messageIssueTime': '2026-02-02T02:54Z', 'messageURL': 'https://webtools.ccmc.gsfc.nasa.gov/DONKI/view/Alert/44368/1'}, {'messageID': '20260202-AL-006', 'messageIssueTime': '2026-02-02T03:06Z', 'messageURL': 'https://webtools.ccmc.gsfc.nasa.gov/DONKI/view/Alert/44370/1'}]",2026-02-02,14.0,GOES-P: EXIS 1.0-8.0
2026-02-02T03:44:00-FLR-001,M2M_CATALOG,[{'displayName': 'GOES-P: EXIS 1.0-8.0'}],2026-02-02 03:44:00+00:00,2026-02-02 03:46:00+00:00,2026-02-02 03:49:00+00:00,M1.9,N13E35,14366.0,,2026-02-02T04:16Z,1,https://webtools.ccmc.gsfc.nasa.gov/DONKI/view/FLR/44374/-1,,,2026-02-02,5.0,GOES-P: EXIS 1.0-8.0
2026-02-02T04:39:00-FLR-001,M2M_CATALOG,[{'displayName': 'GOES-P: EXIS 1.0-8.0'}],2026-02-02 04:39:00+00:00,2026-02-02 04:47:00+00:00,2026-02-02 04:56:00+00:00,M3.0,N16E36,14366.0,,2026-02-02T12:49Z,1,https://webtools.ccmc.gsfc.nasa.gov/DONKI/view/FLR/44381/-1,,,2026-02-02,17.0,GOES-P: EXIS 1.0-8.0
2026-02-02T05:10:00-FLR-001,M2M_CATALOG,[{'displayName': 'GOES-P: EXIS 1.0-8.0'}],2026-02-02 05:10:00+00:00,2026-02-02 05:16:00+00:00,2026-02-02 05:19:00+00:00,M1.6,N16E33,14366.0,,2026-02-02T12:52Z,1,https://webtools.ccmc.gsfc.nasa.gov/DONKI/view/FLR/44382/-1,,,2026-02-02,9.0,GOES-P: EXIS 1.0-8.0
2026-02-02T05:19:00-FLR-001,M2M_CATALOG,[{'displayName': 'GOES-P: EXIS 1.0-8.0'}],2026-02-02 05:19:00+00:00,2026-02-02 05:27:00+00:00,2026-02-02 05:35:00+00:00,M2.3,N15E33,14366.0,,2026-02-02T12:59Z,1,https://webtools.ccmc.gsfc.nasa.gov/DONKI/view/FLR/44383/-1,,,2026-02-02,16.0,GOES-P: EXIS 1.0-8.0
2026-02-02T07:39:00-FLR-001,M2M_CATALOG,[{'displayName': 'GOES-P: EXIS 1.0-8.0'}],2026-02-02 07:39:00+00:00,2026-02-02 08:14:00+00:00,2026-02-02 08:40:00+00:00,X1.6,N14E30,14366.0,,2026-02-02T12:14Z,2,https://webtools.ccmc.gsfc.nasa.gov/DONKI/view/FLR/44375/-1,,"[{'messageID': '20260202-AL-007', 'messageIssueTime': '2026-02-02T08:00Z', 'messageURL': 'https://webtools.ccmc.gsfc.nasa.gov/DONKI/view/Alert/44376/1'}, {'messageID': '20260202-AL-009', 'messageIssueTime': '2026-02-02T12:20Z', 'messageURL': 'https://webtools.ccmc.gsfc.nasa.gov/DONKI/view/Alert/44379/1'}]",2026-02-02,61.0,GOES-P: EXIS 1.0-8.0
2026-02-02T10:17:00-FLR-001,M2M_CATALOG,[{'displayName': 'GOES-P: EXIS 1.0-8.0'}],2026-02-02 10:17:00+00:00,2026-02-02 10:24:00+00:00,2026-02-02 10:34:00+00:00,M1.9,N14E29,14366.0,,2026-02-02T13:01Z,1,https://webtools.ccmc.gsfc.nasa.gov/DONKI/view/FLR/44384/-1,,,2026-02-02,17.0,GOES-P: EXIS 1.0-8.0
2026-02-02T11:15:00-FLR-001,M2M_CATALOG,[{'displayName': 'GOES-P: EXIS 1.0-8.0'}],2026-02-02 11:15:00+00:00,2026-02-02 11:24:00+00:00,2026-02-02 11:30:00+00:00,M6.7,N14E29,14366.0,,2026-02-02T12:17Z,2,https://webtools.ccmc.gsfc.nasa.gov/DONKI/view/FLR/44377/-1,[{'activityID': '2026-02-02T12:24:00-CME-001'}],"[{'messageID': '20260202-AL-008', 'messageIssueTime': '2026-02-02T11:26Z', 'messageURL': 'https://webtools.ccmc.gsfc.nasa.gov/DONKI/view/Alert/44378/1'}, {'messageID': '20260202-AL-010', 'messageIssueTime': '2026-02-02T12:21Z', 'messageURL': 'https://webtools.ccmc.gsfc.nasa.gov/DONKI/view/Alert/44380/1'}]",2026-02-02,15.0,GOES-P: EXIS 1.0-8.0
2026-02-02T13:32:00-FLR-001,M2M_CATALOG,[{'displayName': 'GOES-P: EXIS 1.0-8.0'}],2026-02-02 13:32:00+00:00,2026-02-02 13:39:00+00:00,2026-02-02 13:43:00+00:00,M1.1,N12E31,14366.0,,2026-02-02T13:52Z,1,https://webtools.ccmc.gsfc.nasa.gov/DONKI/view/FLR/44385/-1,,,2026-02-02,11.0,GOES-P: EXIS 1.0-8.0
2026-02-02T14:49:00-FLR-001,M2M_CATALOG,[{'displayName': 'GOES-P: EXIS 1.0-8.0'}],2026-02-02 14:49:00+00:00,2026-02-02 15:01:00+00:00,2026-02-02 15:14:00+00:00,M4.0,N13E26,14366.0,,2026-02-02T15:19Z,2,https://webtools.ccmc.gsfc.nasa.gov/DONKI/view/FLR/44389/-1,,,2026-02-02,25.0,GOES-P: EXIS 1.0-8.0
2026-02-02T17:03:00-FLR-001,M2M_CATALOG,[{'displayName': 'GOES-P: EXIS 1.0-8.0'}],2026-02-02 17:03:00+00:00,2026-02-02 17:10:00+00:00,2026-02-02 17:30:00+00:00,M2.3,N14E26,14366.0,,2026-02-02T17:37Z,2,https://webtools.ccmc.gsfc.nasa.gov/DONKI/view/FLR/44391/-1,,,2026-02-02,27.0,GOES-P: EXIS 1.0-8.0
2026-02-02T18:26:00-FLR-001,M2M_CATALOG,[{'displayName': 'GOES-P: EXIS 1.0-8.0'}],2026-02-02 18:26:00+00:00,2026-02-02 18:29:00+00:00,2026-02-02 18:31:00+00:00,M2.3,N14E25,14366.0,,2026-02-02T18:40Z,1,https://webtools.ccmc.gsfc.nasa.gov/DONKI/view/FLR/44394/-1,,,2026-02-02,5.0,GOES-P: EXIS 1.0-8.0
2026-02-02T19:41:00-FLR-001,M2M_CATALOG,[{'displayName': 'GOES-P: EXIS 1.0-8.0'}],2026-02-02 19:41:00+00:00,2026-02-02 20:09:00+00:00,2026-02-02 20:32:00+00:00,M2.9,N14E24,14366.0,Peak occurs at 2026-02-02T20:09Z as it wavers ~M2.9 for several minutes.,2026-02-02T20:39Z,1,https://webtools.ccmc.gsfc.nasa.gov/DONKI/view/FLR/44397/-1,,,2026-02-02,51.0,GOES-P: EXIS 1.0-8.0
2026-02-02T20:52:00-FLR-001,M2M_CATALOG,[{'displayName': 'GOES-P: EXIS 1.0-8.0'}],2026-02-02 20:52:00+00:00,2026-02-02 21:08:00+00:00,2026-02-02 21:17:00+00:00,M3.3,N15E24,14366.0,,2026-02-02T21:38Z,1,https://webtools.ccmc.gsfc.nasa.gov/DONKI/view/FLR/44398/-1,,,2026-02-02,25.0,GOES-P: EXIS 1.0-8.0
2026-02-02T23:21:00-FLR-001,M2M_CATALOG,[{'displayName': 'GOES-P: EXIS 1.0-8.0'}],2026-02-02 23:21:00+00:00,2026-02-02 23:27:00+00:00,2026-02-02 23:31:00+00:00,M2.5,N12E20,14366.0,,2026-02-02T23:58Z,1,https://webtools.ccmc.gsfc.nasa.gov/DONKI/view/FLR/44399/-1,,,2026-02-02,10.0,GOES-P: EXIS 1.0-8.0
2026-02-03T01:31:00-FLR-001,M2M_CATALOG,[{'displayName': 'GOES-P: EXIS 1.0-8.0'}],2026-02-03 01:31:00+00:00,2026-02-03 01:49:00+00:00,2026-02-03 02:21:00+00:00,M1.5,N12E20,14366.0,,2026-02-03T02:27Z,1,https://webtools.ccmc.gsfc.nasa.gov/DONKI/view/FLR/44405/-1,,,2026-02-03,50.0,GOES-P: EXIS 1.0-8.0
2026-02-03T02:25:00-FLR-001,M2M_CATALOG,[{'displayName': 'GOES-P: EXIS 1.0-8.0'}],2026-02-03 02:25:00+00:00,2026-02-03 02:32:00+00:00,2026-02-03 02:34:00+00:00,M1.1,N12E20,14366.0,,2026-02-03T16:55Z,1,https://webtools.ccmc.gsfc.nasa.gov/DONKI/view/FLR/44424/-1,,,2026-02-03,9.0,GOES-P: EXIS 1.0-8.0
2026-02-03T04:13:00-FLR-001,M2M_CATALOG,[{'displayName': 'GOES-P: EXIS 1.0-8.0'}],2026-02-03 04:13:00+00:00,2026-02-03 04:22:00+00:00,2026-02-03 04:35:00+00:00,M1.7,N14E19,14366.0,,2026-02-03T12:10Z,1,https://webtools.ccmc.gsfc.nasa.gov/DONKI/view/FLR/44409/-1,,,2026-02-03,22.0,GOES-P: EXIS 1.0-8.0
2026-02-03T05:45:00-FLR-001,M2M_CATALOG,[{'displayName': 'GOES-P: EXIS 1.0-8.0'}],2026-02-03 05:45:00+00:00,2026-02-03 05:55:00+00:00,2026-02-03 06:03:00+00:00,M2.6,N14E15,14366.0,,2026-02-03T12:12Z,1,https://webtools.ccmc.gsfc.nasa.gov/DONKI/view/FLR/44410/-1,,,2026-02-03,18.0,GOES-P: EXIS 1.0-8.0
2026-02-03T06:43:00-FLR-001,M2M_CATALOG,[{'displayName': 'GOES-P: EXIS 1.0-8.0'}],2026-02-03 06:43:00+00:00,2026-02-03 07:01:00+00:00,2026-02-03 07:19:00+00:00,M7.2,N14E17,14366.0,,2026-02-03T12:07Z,2,https://webtools.ccmc.gsfc.nasa.gov/DONKI/view/FLR/44406/-1,,"[{'messageID': '20260203-AL-002', 'messageIssueTime': '2026-02-03T07:04Z', 'messageURL': 'https://webtools.ccmc.gsfc.nasa.gov/DONKI/view/Alert/44407/1'}, {'messageID': '20260203-AL-003', 'messageIssueTime': '2026-02-03T12:07Z', 'messageURL': 'https://webtools.ccmc.gsfc.nasa.gov/DONKI/view/Alert/44408/1'}]",2026-02-03,36.0,GOES-P: EXIS 1.0-8.0
2026-02-03T07:43:00-FLR-001,M2M_CATALOG,[{'displayName': 'GOES-P: EXIS 1.0-8.0'}],2026-02-03 07:43:00+00:00,2026-02-03 07:47:00+00:00,2026-02-03 07:52:00+00:00,M3.6,N14E17,14366.0,,2026-02-03T12:14Z,1,https://webtools.ccmc.gsfc.nasa.gov/DONKI/view/FLR/44411/-1,,,2026-02-03,9.0,GOES-P: EXIS 1.0-8.0
2026-02-03T09:41:00-FLR-001,M2M_CATALOG,[{'displayName': 'GOES-P: EXIS 1.0-8.0'}],2026-02-03 09:41:00+00:00,2026-02-03 10:12:00+00:00,2026-02-03 10:28:00+00:00,M3.6,N14E15,14366.0,,2026-02-03T12:16Z,1,https://webtools.ccmc.gsfc.nasa.gov/DONKI/view/FLR/44412/-1,,,2026-02-03,47.0,GOES-P: EXIS 1.0-8.0
2026-02-03T10:56:00-FLR-001,M2M_CATALOG,[{'displayName': 'GOES-P: EXIS 1.0-8.0'}],2026-02-03 10:56:00+00:00,2026-02-03 11:04:00+00:00,2026-02-03 11:10:00+00:00,M1.3,N14E12,14366.0,,2026-02-03T17:05Z,1,https://webtools.ccmc.gsfc.nasa.gov/DONKI/view/FLR/44425/-1,,,2026-02-03,14.0,GOES-P: EXIS 1.0-8.0
2026-02-03T11:13:00-FLR-001,M2M_CATALOG,[{'displayName': 'GOES-P: EXIS 1.0-8.0'}],2026-02-03 11:13:00+00:00,2026-02-03 11:21:00+00:00,2026-02-03 11:26:00+00:00,M1.4,N14E12,14366.0,,2026-02-03T17:09Z,1,https://webtools.ccmc.gsfc.nasa.gov/DONKI/view/FLR/44426/-1,,,2026-02-03,13.0,GOES-P: EXIS 1.0-8.0
2026-02-03T13:58:00-FLR-001,M2M_CATALOG,[{'displayName': 'GOES-P: EXIS 1.0-8.0'}],2026-02-03 13:58:00+00:00,2026-02-03 14:08:00+00:00,2026-02-03 14:18:00+00:00,X1.5,N14E13,14366.0,,2026-02-03T15:36Z,3,https://webtools.ccmc.gsfc.nasa.gov/DONKI/view/FLR/44415/-1,,"[{'messageID': '20260203-AL-004', 'messageIssueTime': '2026-02-03T14:14Z', 'messageURL': 'https://webtools.ccmc.gsfc.nasa.gov/DONKI/view/Alert/44416/1'}, {'messageID': '20260203-AL-005', 'messageIssueTime': '2026-02-03T14:18Z', 'messageURL': 'https://webtools.ccmc.gsfc.nasa.gov/DONKI/view/Alert/44417/1'}]",2026-02-03,20.0,GOES-P: EXIS 1.0-8.0
2026-02-03T14:45:00-FLR-001,M2M_CATALOG,[{'displayName': 'GOES-P: EXIS 1.0-8.0'}],2026-02-03 14:45:00+00:00,2026-02-03 14:56:00+00:00,2026-02-03 15:03:00+00:00,M7.2,N15E17,14366.0,,2026-02-03T15:11Z,2,https://webtools.ccmc.gsfc.nasa.gov/DONKI/view/FLR/44418/-1,,"[{'messageID': '20260203-AL-006', 'messageIssueTime': '2026-02-03T15:02Z', 'messageURL': 'https://webtools.ccmc.gsfc.nasa.gov/DONKI/view/Alert/44419/1'}, {'messageID': '20260203-AL-007', 'messageIssueTime': '2026-02-03T15:12Z', 'messageURL': 'https://webtools.ccmc.gsfc.nasa.gov/DONKI/view/Alert/44420/1'}]",2026-02-03,18.0,GOES-P: EXIS 1.0-8.0
2026-02-03T17:53:00-FLR-001,M2M_CATALOG,[{'displayName': 'GOES-P: EXIS 1.0-8.0'}],2026-02-03 17:53:00+00:00,2026-02-03 18:08:00+00:00,2026-02-03 18:22:00+00:00,M2.5,N14E10,14366.0,,2026-02-03T18:30Z,1,https://webtools.ccmc.gsfc.nasa.gov/DONKI/view/FLR/44429/-1,,,2026-02-03,29.0,GOES-P: EXIS 1.0-8.0
2026-02-03T22:31:00-FLR-001,M2M_CATALOG,[{'displayName': 'GOES-P: EXIS 1.0-8.0'}],2026-02-03 22:31:00+00:00,2026-02-03 22:50:00+00:00,2026-02-03 22:56:00+00:00,M2.0,N12E07,14366.0,,2026-02-03T23:16Z,1,https://webtools.ccmc.gsfc.nasa.gov/DONKI/view/FLR/44430/-1,,,2026-02-03,25.0,GOES-P: EXIS 1.0-8.0
2026-02-03T22:56:00-FLR-001,M2M_CATALOG,[{'displayName': 'GOES-P: EXIS 1.0-8.0'}],2026-02-03 22:56:00+00:00,2026-02-03 23:09:00+00:00,2026-02-03 23:20:00+00:00,M3.4,N14E08,14366.0,,2026-02-03T23:35Z,1,https://webtools.ccmc.gsfc.nasa.gov/DONKI/view/FLR/44431/-1,,,2026-02-03,24.0,GOES-P: EXIS 1.0-8.0
2026-02-04T01:02:00-FLR-001,M2M_CATALOG,[{'displayName': 'GOES-P: EXIS 1.0-8.0'}],2026-02-04 01:02:00+00:00,2026-02-04 01:10:00+00:00,2026-02-04 01:16:00+00:00,M1.2,N13E04,14366.0,,2026-02-04T01:43Z,1,https://webtools.ccmc.gsfc.nasa.gov/DONKI/view/FLR/44432/-1,,,2026-02-04,14.0,GOES-P: EXIS 1.0-8.0
2026-02-04T01:26:00-FLR-001,M2M_CATALOG,[{'displayName': 'GOES-P: EXIS 1.0-8.0'}],2026-02-04 01:26:00+00:00,2026-02-04 01:39:00+00:00,2026-02-04 01:45:00+00:00,M1.4,N14E06,14366.0,,2026-02-04T02:05Z,1,https://webtools.ccmc.gsfc.nasa.gov/DONKI/view/FLR/44433/-1,,,2026-02-04,19.0,GOES-P: EXIS 1.0-8.0
2026-02-04T01:45:00-FLR-001,M2M_CATALOG,[{'displayName': 'GOES-P: EXIS 1.0-8.0'}],2026-02-04 01:45:00+00:00,2026-02-04 01:55:00+00:00,2026-02-04 01:59:00+00:00,M1.4,N14E06,14366.0,,2026-02-04T02:08Z,1,https://webtools.ccmc.gsfc.nasa.gov/DONKI/view/FLR/44434/-1,,,2026-02-04,14.0,GOES-P: EXIS 1.0-8.0
2026-02-04T02:22:00-FLR-001,M2M_CATALOG,[{'displayName': 'GOES-P: EXIS 1.0-8.0'}],2026-02-04 02:22:00+00:00,2026-02-04 02:30:00+00:00,2026-02-04 02:32:00+00:00,M2.1,N14E05,14366.0,,2026-02-04T02:45Z,1,https://webtools.ccmc.gsfc.nasa.gov/DONKI/view/FLR/44435/-1,,,2026-02-04,10.0,GOES-P: EXIS 1.0-8.0
2026-02-04T02:32:00-FLR-001,M2M_CATALOG,[{'displayName': 'GOES-P: EXIS 1.0-8.0'}],2026-02-04 02:32:00+00:00,2026-02-04 02:39:00+00:00,2026-02-04 02:55:00+00:00,M4.9,N14E05,14366.0,,2026-02-04T03:02Z,1,https://webtools.ccmc.gsfc.nasa.gov/DONKI/view/FLR/44436/-1,,,2026-02-04,23.0,GOES-P: EXIS 1.0-8.0
2026-02-04T03:48:00-FLR-001,M2M_CATALOG,[{'displayName': 'GOES-P: EXIS 1.0-8.0'}],2026-02-04 03:48:00+00:00,2026-02-04 03:55:00+00:00,2026-02-04 04:02:00+00:00,M2.1,N14E05,14366.0,,2026-02-04T12:32Z,1,https://webtools.ccmc.gsfc.nasa.gov/DONKI/view/FLR/44440/-1,,,2026-02-04,14.0,GOES-P: EXIS 1.0-8.0
2026-02-04T09:12:00-FLR-001,M2M_CATALOG,[{'displayName': 'GOES-P: EXIS 1.0-8.0'}],2026-02-04 09:12:00+00:00,2026-02-04 09:20:00+00:00,2026-02-04 09:23:00+00:00,M1.8,N15E05,14366.0,,2026-02-04T12:34Z,1,https://webtools.ccmc.gsfc.nasa.gov/DONKI/view/FLR/44441/-1,,,2026-02-04,11.0,GOES-P: EXIS 1.0-8.0
2026-02-04T10:10:00-FLR-001,M2M_CATALOG,[{'displayName': 'GOES-P: EXIS 1.0-8.0'}],2026-02-04 10:10:00+00:00,2026-02-04 10:12:00+00:00,2026-02-04 10:15:00+00:00,M3.1,N15E05,14366.0,,2026-02-04T12:37Z,1,https://webtools.ccmc.gsfc.nasa.gov/DONKI/view/FLR/44442/-1,,,2026-02-04,5.0,GOES-P: EXIS 1.0-8.0
2026-02-04T10:40:00-FLR-001,M2M_CATALOG,[{'displayName': 'GOES-P: EXIS 1.0-8.0'}],2026-02-04 10:40:00+00:00,2026-02-04 10:46:00+00:00,2026-02-04 10:51:00+00:00,M1.5,N14E02,14366.0,,2026-02-04T12:40Z,1,https://webtools.ccmc.gsfc.nasa.gov/DONKI/view/FLR/44443/-1,,,2026-02-04,11.0,GOES-P: EXIS 1.0-8.0
2026-02-04T10:59:00-FLR-001,M2M_CATALOG,[{'displayName': 'GOES-P: EXIS 1.0-8.0'}],2026-02-04 10:59:00+00:00,2026-02-04 11:05:00+00:00,2026-02-04 11:11:00+00:00,M1.7,N13E02,14366.0,,2026-02-04T12:49Z,1,https://webtools.ccmc.gsfc.nasa.gov/DONKI/view/FLR/44444/-1,,,2026-02-04,12.0,GOES-P: EXIS 1.0-8.0
2026-02-04T11:31:00-FLR-001,M2M_CATALOG,[{'displayName': 'GOES-P: EXIS 1.0-8.0'}],2026-02-04 11:31:00+00:00,2026-02-04 11:35:00+00:00,2026-02-04 11:41:00+00:00,M1.1,N16E05,14366.0,,2026-02-04T12:51Z,1,https://webtools.ccmc.gsfc.nasa.gov/DONKI/view/FLR/44445/-1,,,2026-02-04,10.0,GOES-P: EXIS 1.0-8.0
2026-02-04T12:02:00-FLR-001,M2M_CATALOG,[{'displayName': 'GOES-P: EXIS 1.0-8.0'}],2026-02-04 12:02:00+00:00,2026-02-04 12:13:00+00:00,2026-02-04 12:18:00+00:00,X4.2,N16E06,14366.0,,2026-02-04T12:27Z,2,https://webtools.ccmc.gsfc.nasa.gov/DONKI/view/FLR/44437/-1,,"[{'messageID': '20260204-AL-001', 'messageIssueTime': '2026-02-04T12:13Z', 'messageURL': 'https://webtools.ccmc.gsfc.nasa.gov/DONKI/view/Alert/44438/1'}, {'messageID': '20260204-AL-002', 'messageIssueTime': '2026-02-04T12:28Z', 'messageURL': 'https://webtools.ccmc.gsfc.nasa.gov/DONKI/view/Alert/44439/1'}]",2026-02-04,16.0,GOES-P: EXIS 1.0-8.0
2026-02-04T15:25:00-FLR-001,M2M_CATALOG,[{'displayName': 'GOES-P: EXIS 1.0-8.0'}],2026-02-04 15:25:00+00:00,2026-02-04 15:34:00+00:00,2026-02-04 15:55:00+00:00,M1.8,N14W03,14366.0,,2026-02-04T16:45Z,1,https://webtools.ccmc.gsfc.nasa.gov/DONKI/view/FLR/44453/-1,,,2026-02-04,30.0,GOES-P: EXIS 1.0-8.0
2026-02-05T03:55:00-FLR-001,M2M_CATALOG,[{'displayName': 'GOES-P: EXIS 1.0-8.0'}],2026-02-05 03:55:00+00:00,2026-02-05 04:21:00+00:00,2026-02-05 04:25:00+00:00,M2.5,N14W09,14366.0,,2026-02-05T12:23Z,1,https://webtools.ccmc.gsfc.nasa.gov/DONKI/view/FLR/44474/-1,,,2026-02-05,30.0,GOES-P: EXIS 1.0-8.0
2026-02-05T04:25:00-FLR-001,M2M_CATALOG,[{'displayName': 'GOES-P: EXIS 1.0-8.0'}],2026-02-05 04:25:00+00:00,2026-02-05 04:36:00+00:00,2026-02-05 04:41:00+00:00,M2.7,N14W09,14366.0,,2026-02-05T12:25Z,1,https://webtools.ccmc.gsfc.nasa.gov/DONKI/view/FLR/44475/-1,,,2026-02-05,16.0,GOES-P: EXIS 1.0-8.0
2026-02-05T06:13:00-FLR-001,M2M_CATALOG,[{'displayName': 'GOES-P: EXIS 1.0-8.0'}],2026-02-05 06:13:00+00:00,2026-02-05 06:19:00+00:00,2026-02-05 06:27:00+00:00,M1.3,N10W14,14366.0,,2026-02-05T12:28Z,1,https://webtools.ccmc.gsfc.nasa.gov/DONKI/view/FLR/44476/-1,,,2026-02-05,14.0,GOES-P: EXIS 1.0-8.0
2026-02-05T08:19:00-FLR-001,M2M_CATALOG,[{'displayName': 'GOES-P: EXIS 1.0-8.0'}],2026-02-05 08:19:00+00:00,2026-02-05 08:33:00+00:00,2026-02-05 08:38:00+00:00,M1.0,N15W10,14366.0,Double peaked flare with following M1.2 peak at 2026-02-05T08:46Z.,2026-02-05T12:43Z,2,https://webtools.ccmc.gsfc.nasa.gov/DONKI/view/FLR/44477/-1,,,2026-02-05,19.0,GOES-P: EXIS 1.0-8.0
2026-02-05T08:38:00-FLR-001,M2M_CATALOG,[{'displayName': 'GOES-P: EXIS 1.0-8.0'}],2026-02-05 08:38:00+00:00,2026-02-05 08:46:00+00:00,2026-02-05 08:50:00+00:00,M1.2,N14W12,14366.0,Double peaked flare with preceeding M1.0 peak at 2026-02-05T08:33Z.,2026-02-05T12:43Z,2,https://webtools.ccmc.gsfc.nasa.gov/DONKI/view/FLR/44478/-1,,,2026-02-05,12.0,GOES-P: EXIS 1.0-8.0
2026-02-05T12:42:00-FLR-001,M2M_CATALOG,[{'displayName': 'GOES-P: EXIS 1.0-8.0'}],2026-02-05 12:42:00+00:00,2026-02-05 12:52:00+00:00,2026-02-05 12:59:00+00:00,C6.0,S18W15,14362.0,,2026-02-05T19:33Z,1,https://webtools.ccmc.gsfc.nasa.gov/DONKI/view/FLR/44499/-1,[{'activityID': '2026-02-05T13:26:00-CME-001'}],,2026-02-05,17.0,GOES-P: EXIS 1.0-8.0
2026-02-05T12:59:00-FLR-001,M2M_CATALOG,[{'displayName': 'GOES-P: EXIS 1.0-8.0'}],2026-02-05 12:59:00+00:00,2026-02-05 13:04:00+00:00,2026-02-05 13:09:00+00:00,M1.6,N14W15,14366.0,,2026-02-05T13:13Z,1,https://webtools.ccmc.gsfc.nasa.gov/DONKI/view/FLR/44481/-1,,,2026-02-05,10.0,GOES-P: EXIS 1.0-8.0
2026-02-05T15:08:00-FLR-001,M2M_CATALOG,[{'displayName': 'GOES-P: EXIS 1.0-8.0'}],2026-02-05 15:08:00+00:00,2026-02-05 15:13:00+00:00,2026-02-05 15:20:00+00:00,M1.8,S18W17,14362.0,"Simultaneous, but more minor, flaring is observed from Active Region 14366 (N14W16) at this time.",2026-02-05T15:38Z,1,https://webtools.ccmc.gsfc.nasa.gov/DONKI/view/FLR/44485/-1,[{'activityID': '2026-02-05T15:48:00-CME-001'}],,2026-02-05,12.0,GOES-P: EXIS 1.0-8.0
2026-02-05T16:20:00-FLR-001,M2M_CATALOG,[{'displayName': 'GOES-P: EXIS 1.0-8.0'}],2026-02-05 16:20:00+00:00,2026-02-05 16:30:00+00:00,2026-02-05 16:35:00+00:00,M1.6,N14W17,14366.0,Double peaked flare followed by M1.3 peaking at 2026-02-05T16:39Z.,2026-02-05T17:06Z,1,https://webtools.ccmc.gsfc.nasa.gov/DONKI/view/FLR/44486/-1,,,2026-02-05,15.0,GOES-P: EXIS 1.0-8.0
2026-02-05T16:35:00-FLR-001,M2M_CATALOG,[{'displayName': 'GOES-P: EXIS 1.0-8.0'}],2026-02-05 16:35:00+00:00,2026-02-05 16:39:00+00:00,2026-02-05 16:41:00+00:00,M1.3,N15W16,14366.0,Double peaked flare preceeded by M1.6 peaking at 2026-02-05T16:30Z.,2026-02-05T17:06Z,1,https://webtools.ccmc.gsfc.nasa.gov/DONKI/view/FLR/44487/-1,,,2026-02-05,6.0,GOES-P: EXIS 1.0-8.0
2026-02-05T17:31:00-FLR-001,M2M_CATALOG,[{'displayName': 'GOES-P: EXIS 1.0-8.0'}],2026-02-05 17:31:00+00:00,2026-02-05 17:41:00+00:00,2026-02-05 17:56:00+00:00,M1.5,N14W17,14366.0,,2026-02-05T18:15Z,2,https://webtools.ccmc.gsfc.nasa.gov/DONKI/view/FLR/44490/-1,,,2026-02-05,25.0,GOES-P: EXIS 1.0-8.0
2026-02-05T19:28:00-FLR-001,M2M_CATALOG,[{'displayName': 'GOES-P: EXIS 1.0-8.0'}],2026-02-05 19:28:00+00:00,2026-02-05 19:34:00+00:00,2026-02-05 19:38:00+00:00,M2.2,S18W19,14362.0,,2026-02-05T19:56Z,1,https://webtools.ccmc.gsfc.nasa.gov/DONKI/view/FLR/44505/-1,[{'activityID': '2026-02-05T20:00:00-CME-001'}],,2026-02-05,10.0,GOES-P: EXIS 1.0-8.0
2026-02-05T22:10:00-FLR-001,M2M_CATALOG,[{'displayName': 'GOES-P: EXIS 1.0-8.0'}],2026-02-05 22:10:00+00:00,2026-02-05 22:17:00+00:00,2026-02-05 22:20:00+00:00,M1.1,S23W70,14372.0,,2026-02-05T22:29Z,1,https://webtools.ccmc.gsfc.nasa.gov/DONKI/view/FLR/44511/-1,,,2026-02-05,10.0,GOES-P: EXIS 1.0-8.0
2026-02-08T11:13:00-FLR-001,M2M_CATALOG,[{'displayName': 'GOES-P: EXIS 1.0-8.0'}],2026-02-08 11:13:00+00:00,2026-02-08 11:18:00+00:00,2026-02-08 11:21:00+00:00,M1.8,N18W50,14366.0,,2026-02-08T13:10Z,1,https://webtools.ccmc.gsfc.nasa.gov/DONKI/view/FLR/44553/-1,,,2026-02-08,8.0,GOES-P: EXIS 1.0-8.0
2026-02-08T11:32:00-FLR-001,M2M_CATALOG,[{'displayName': 'GOES-P: EXIS 1.0-8.0'}],2026-02-08 11:32:00+00:00,2026-02-08 11:43:00+00:00,2026-02-08 11:59:00+00:00,M1.7,N18W49,14366.0,,2026-02-08T13:12Z,1,https://webtools.ccmc.gsfc.nasa.gov/DONKI/view/FLR/44554/-1,,,2026-02-08,27.0,GOES-P: EXIS 1.0-8.0
2026-02-08T13:46:00-FLR-001,M2M_CATALOG,[{'displayName': 'GOES-P: EXIS 1.0-8.0'}],2026-02-08 13:46:00+00:00,2026-02-08 13:53:00+00:00,2026-02-08 13:57:00+00:00,M2.7,N14W50,14366.0,,2026-02-08T14:08Z,1,https://webtools.ccmc.gsfc.nasa.gov/DONKI/view/FLR/44555/-1,,,2026-02-08,11.0,GOES-P: EXIS 1.0-8.0
2026-02-09T02:14:00-FLR-001,M2M_CATALOG,[{'displayName': 'GOES-P: EXIS 1.0-8.0'}],2026-02-09 02:14:00+00:00,2026-02-09 02:27:00+00:00,2026-02-09 02:48:00+00:00,M2.8,N18W61,14366.0,,2026-02-09T02:57Z,2,https://webtools.ccmc.gsfc.nasa.gov/DONKI/view/FLR/44568/-1,,,2026-02-09,34.0,GOES-P: EXIS 1.0-8.0
2026-02-09T22:53:00-FLR-001,M2M_CATALOG,[{'displayName': 'GOES-P: EXIS 1.0-8.0'}],2026-02-09 22:53:00+00:00,2026-02-09 23:02:00+00:00,2026-02-09 23:04:00+00:00,C9.2,N10E75,14374.0,,2026-02-10T13:34Z,1,https://webtools.ccmc.gsfc.nasa.gov/DONKI/view/FLR/44578/-1,[{'activityID': '2026-02-09T23:24:00-CME-001'}],,2026-02-09,11.0,GOES-P: EXIS 1.0-8.0
2026-02-10T23:56:00-FLR-001,M2M_CATALOG,[{'displayName': 'GOES-P: EXIS 1.0-8.0'}],2026-02-10 23:56:00+00:00,2026-02-11 00:09:00+00:00,2026-02-11 00:20:00+00:00,M1.2,N14W84,14366.0,,2026-02-11T00:46Z,1,https://webtools.ccmc.gsfc.nasa.gov/DONKI/view/FLR/44587/-1,,,2026-02-10,24.0,GOES-P: EXIS 1.0-8.0
2026-02-11T00:29:00-FLR-001,M2M_CATALOG,[{'displayName': 'GOES-P: EXIS 1.0-8.0'}],2026-02-11 00:29:00+00:00,2026-02-11 00:44:00+00:00,2026-02-11 00:50:00+00:00,M1.1,N16W84,14366.0,,2026-02-11T01:03Z,1,https://webtools.ccmc.gsfc.nasa.gov/DONKI/view/FLR/44588/-1,,,2026-02-11,21.0,GOES-P: EXIS 1.0-8.0
2026-02-11T00:50:00-FLR-001,M2M_CATALOG,[{'displayName': 'GOES-P: EXIS 1.0-8.0'}],2026-02-11 00:50:00+00:00,2026-02-11 00:57:00+00:00,2026-02-11 00:59:00+00:00,M1.3,N16W85,14366.0,,2026-02-11T01:36Z,1,https://webtools.ccmc.gsfc.nasa.gov/DONKI/view/FLR/44589/-1,,,2026-02-11,9.0,GOES-P: EXIS 1.0-8.0
2026-02-11T12:47:00-FLR-001,M2M_CATALOG,[{'displayName': 'GOES-P: EXIS 1.0-8.0'}],2026-02-11 12:47:00+00:00,2026-02-11 13:12:00+00:00,2026-02-11 13:25:00+00:00,M1.4,N12W90,14366.0,,2026-02-11T13:29Z,1,https://webtools.ccmc.gsfc.nasa.gov/DONKI/view/FLR/44592/-1,,,2026-02-11,38.0,GOES-P: EXIS 1.0-8.0
2026-02-12T02:29:00-FLR-001,M2M_CATALOG,[{'displayName': 'GOES-P: EXIS 1.0-8.0'}],2026-02-12 02:29:00+00:00,2026-02-12 02:40:00+00:00,2026-02-12 02:50:00+00:00,M1.4,N14W99,14366.0,,2026-02-12T02:59Z,1,https://webtools.ccmc.gsfc.nasa.gov/DONKI/view/FLR/44611/-1,,,2026-02-12,21.0,GOES-P: EXIS 1.0-8.0
2026-02-13T08:28:00-FLR-001,M2M_CATALOG,[{'displayName': 'GOES-P: EXIS 1.0-8.0'}],2026-02-13 08:28:00+00:00,2026-02-13 08:58:00+00:00,2026-02-13 09:20:00+00:00,M1.0,N10W15,14373.0,,2026-02-13T12:04Z,1,https://webtools.ccmc.gsfc.nasa.gov/DONKI/view/FLR/44626/-1,[{'activityID': '2026-02-13T09:38:00-CME-001'}],,2026-02-13,52.0,GOES-P: EXIS 1.0-8.0
2026-02-16T04:03:00-FLR-001,M2M_CATALOG,[{'displayName': 'GOES-P: EXIS 1.0-8.0'}],2026-02-16 04:03:00+00:00,2026-02-16 04:35:00+00:00,2026-02-16 05:00:00+00:00,M2.4,S10E90,,Occulted flare from beyond the E limb,2026-02-16T13:15Z,1,https://webtools.ccmc.gsfc.nasa.gov/DONKI/view/FLR/44674/-1,[{'activityID': '2026-02-16T04:24:00-CME-001'}],,2026-02-16,57.0,GOES-P: EXIS 1.0-8.0
2026-02-16T12:30:00-FLR-001,M2M_CATALOG,[{'displayName': 'GOES-P: EXIS 1.0-8.0'}],2026-02-16 12:30:00+00:00,2026-02-16 13:07:00+00:00,2026-02-16 13:42:00+00:00,C1.0,S18E10,,,2026-02-17T20:44Z,2,https://webtools.ccmc.gsfc.nasa.gov/DONKI/view/FLR/44712/-1,[{'activityID': '2026-02-16T13:23:00-CME-001'}],,2026-02-16,72.0,GOES-P: EXIS 1.0-8.0
2026-02-18T20:17:00-FLR-001,M2M_CATALOG,[{'displayName': 'GOES-P: EXIS 1.0-8.0'}],2026-02-18 20:17:00+00:00,2026-02-18 20:42:00+00:00,2026-02-18 20:58:00+00:00,C2.2,S07E60,,,2026-02-19T00:30Z,1,https://webtools.ccmc.gsfc.nasa.gov/DONKI/view/FLR/44756/-1,[{'activityID': '2026-02-18T20:36:00-CME-001'}],,2026-02-18,41.0,GOES-P: EXIS 1.0-8.0
2026-02-22T15:26:00-FLR-001,M2M_CATALOG,[{'displayName': 'GOES-P: EXIS 1.0-8.0'}],2026-02-22 15:26:00+00:00,2026-02-22 16:41:00+00:00,2026-02-22 17:41:00+00:00,C1.5,S15W85,,,2026-02-23T02:31Z,2,https://webtools.ccmc.gsfc.nasa.gov/DONKI/view/FLR/44794/-1,[{'activityID': '2026-02-22T18:45:00-CME-001'}],,2026-02-22,135.0,GOES-P: EXIS 1.0-8.0
2026-02-25T06:41:00-FLR-001,M2M_CATALOG,[{'displayName': 'GOES-P: EXIS 1.0-8.0'}],2026-02-25 06:41:00+00:00,2026-02-25 06:56:00+00:00,2026-02-25 07:09:00+00:00,C2.6,S08W27,,Associated with the Type II radio emission.,2026-02-25T16:00Z,1,https://webtools.ccmc.gsfc.nasa.gov/DONKI/view/FLR/44833/-1,[{'activityID': '2026-02-25T07:38:00-CME-002'}],,2026-02-25,28.0,GOES-P: EXIS 1.0-8.0
2026-02-25T15:35:00-FLR-001,M2M_CATALOG,[{'displayName': 'GOES-P: EXIS 1.0-8.0'}],2026-02-25 15:35:00+00:00,2026-02-25 15:59:00+00:00,2026-02-25 16:09:00+00:00,M2.3,S23E90,14380.0,This flare originated from an unnumbered region at the time of this event which has since been numbered as Active Region 14380.,2026-02-27T16:28Z,4,https://webtools.ccmc.gsfc.nasa.gov/DONKI/view/FLR/44834/-1,[{'activityID': '2026-02-25T16:24:00-CME-001'}],,2026-02-25,34.0,GOES-P: EXIS 1.0-8.0
2026-03-01T06:07:00-FLR-001,M2M_CATALOG,[{'displayName': 'GOES-P: EXIS 1.0-8.0'}],2026-03-01 06:07:00+00:00,2026-03-01 06:15:00+00:00,2026-03-01 06:22:00+00:00,C5.2,N07E65,14381.0,,2026-03-01T16:00Z,1,https://webtools.ccmc.gsfc.nasa.gov/DONKI/view/FLR/44886/-1,[{'activityID': '2026-03-01T07:24:00-CME-001'}],,2026-03-01,15.0,GOES-P: EXIS 1.0-8.0
2026-03-01T07:30:00-FLR-001,M2M_CATALOG,[{'displayName': 'GOES-P: EXIS 1.0-8.0'}],2026-03-01 07:30:00+00:00,2026-03-01 07:49:00+00:00,2026-03-01 08:03:00+00:00,C5.9,N10E65,14381.0,,2026-03-01T17:17Z,1,https://webtools.ccmc.gsfc.nasa.gov/DONKI/view/FLR/44889/-1,[{'activityID': '2026-03-01T09:36:00-CME-001'}],,2026-03-01,33.0,GOES-P: EXIS 1.0-8.0
2026-03-01T21:41:00-FLR-001,M2M_CATALOG,[{'displayName': 'GOES-P: EXIS 1.0-8.0'}],2026-03-01 21:41:00+00:00,2026-03-01 21:48:00+00:00,2026-03-01 21:59:00+00:00,C4.0,N10E90,14384.0,"Occulted flare on NE limb from the newly numbered AR 14384 rotating on disk, so the location of the AR/flare is somewhat uncertain.",2026-03-02T01:15Z,1,https://webtools.ccmc.gsfc.nasa.gov/DONKI/view/FLR/44893/-1,[{'activityID': '2026-03-01T22:15:00-CME-001'}],,2026-03-01,18.0,GOES-P: EXIS 1.0-8.0
2026-03-08T15:02:00-FLR-001,M2M_CATALOG,[{'displayName': 'GOES-P: EXIS 1.0-8.0'}],2026-03-08 15:02:00+00:00,2026-03-08 15:07:00+00:00,2026-03-08 15:12:00+00:00,C2.0,N08E68,14387.0,,2026-03-08T22:09Z,1,https://webtools.ccmc.gsfc.nasa.gov/DONKI/view/FLR/45003/-1,[{'activityID': '2026-03-08T18:08:00-CME-001'}],,2026-03-08,10.0,GOES-P: EXIS 1.0-8.0
2026-03-10T11:22:00-FLR-001,M2M_CATALOG,[{'displayName': 'GOES-P: EXIS 1.0-8.0'}],2026-03-10 11:22:00+00:00,2026-03-10 12:04:00+00:00,2026-03-10 12:20:00+00:00,C2.4,N13E70,14389.0,,2026-03-10T16:37Z,1,https://webtools.ccmc.gsfc.nasa.gov/DONKI/view/FLR/45021/-1,[{'activityID': '2026-03-10T12:24:00-CME-001'}],,2026-03-10,58.0,GOES-P: EXIS 1.0-8.0
2026-03-13T09:40:00-FLR-001,M2M_CATALOG,[{'displayName': 'GOES-P: EXIS 1.0-8.0'}],2026-03-13 09:40:00+00:00,2026-03-13 09:55:00+00:00,2026-03-13 10:05:00+00:00,M1.1,N10W70,14384.0,,2026-03-13T15:40Z,2,https://webtools.ccmc.gsfc.nasa.gov/DONKI/view/FLR/45046/-1,,,2026-03-13,25.0,GOES-P: EXIS 1.0-8.0
2026-03-13T20:09:00-FLR-001,M2M_CATALOG,[{'displayName': 'GOES-P: EXIS 1.0-8.0'}],2026-03-13 20:09:00+00:00,2026-03-13 20:23:00+00:00,2026-03-13 20:32:00+00:00,C8.9,S15E53,14392.0,,2026-03-13T23:57Z,1,https://webtools.ccmc.gsfc.nasa.gov/DONKI/view/FLR/45065/-1,[{'activityID': '2026-03-13T20:48:00-CME-001'}],,2026-03-13,23.0,GOES-P: EXIS 1.0-8.0
2026-03-15T09:21:00-FLR-001,M2M_CATALOG,[{'displayName': 'GOES-S: EXIS 1.0-8.0'}],2026-03-15 09:21:00+00:00,2026-03-15 09:39:00+00:00,2026-03-15 09:52:00+00:00,M1.0,S15E35,14392.0,,2026-03-15T15:05Z,1,https://webtools.ccmc.gsfc.nasa.gov/DONKI/view/FLR/45090/-1,[{'activityID': '2026-03-15T10:36:00-CME-001'}],,2026-03-15,31.0,GOES-S: EXIS 1.0-8.0
2026-03-16T12:00:00-FLR-001,M2M_CATALOG,[{'displayName': 'GOES-P: EXIS 1.0-8.0'}],2026-03-16 12:00:00+00:00,2026-03-16 12:15:00+00:00,2026-03-16 12:24:00+00:00,M2.7,S15E19,14392.0,,2026-03-16T13:00Z,1,https://webtools.ccmc.gsfc.nasa.gov/DONKI/view/FLR/45100/-1,[{'activityID': '2026-03-16T13:26:00-CME-001'}],,2026-03-16,24.0,GOES-P: EXIS 1.0-8.0
2026-03-17T08:55:00-FLR-001,M2M_CATALOG,[{'displayName': 'GOES-S: EXIS 1.0-8.0'}],2026-03-17 08:55:00+00:00,2026-03-17 09:04:00+00:00,2026-03-17 09:09:00+00:00,M1.3,S14E10,14392.0,,2026-03-17T11:13Z,2,https://webtools.ccmc.gsfc.nasa.gov/DONKI/view/FLR/45115/-1,[{'activityID': '2026-03-17T10:53:00-CME-001'}],,2026-03-17,14.0,GOES-S: EXIS 1.0-8.0
2026-03-18T08:26:00-FLR-001,M2M_CATALOG,[{'displayName': 'GOES-S: EXIS 1.0-8.0'}],2026-03-18 08:26:00+00:00,2026-03-18 08:42:00+00:00,2026-03-18 08:57:00+00:00,M2.7,S16W05,14392.0,,2026-03-18T10:38Z,1,https://webtools.ccmc.gsfc.nasa.gov/DONKI/view/FLR/45143/-1,[{'activityID': '2026-03-18T09:23:00-CME-001'}],,2026-03-18,31.0,GOES-S: EXIS 1.0-8.0
2026-03-22T22:56:00-FLR-001,M2M_CATALOG,[{'displayName': 'GOES-P: EXIS 1.0-8.0'}],2026-03-22 22:56:00+00:00,2026-03-22 23:09:00+00:00,2026-03-22 23:26:00+00:00,C1.5,S15W67,14392.0,,2026-03-23T12:47Z,1,https://webtools.ccmc.gsfc.nasa.gov/DONKI/view/FLR/45260/-1,[{'activityID': '2026-03-22T23:24:00-CME-001'}],,2026-03-22,30.0,GOES-P: EXIS 1.0-8.0
2026-03-22T23:26:00-FLR-001,M2M_CATALOG,[{'displayName': 'GOES-P: EXIS 1.0-8.0'}],2026-03-22 23:26:00+00:00,2026-03-23 00:12:00+00:00,2026-03-23 00:24:00+00:00,C3.4,S15W72,14392.0,"End time is cut off by a small, but visually distinct in GOES SUVI 131, separate C3.2 peak from AR 14401 (N23E65) starting at 2026-03-23T00:24Z that peaks at 2026-03-23T00:29Z.",2026-03-23T12:50Z,1,https://webtools.ccmc.gsfc.nasa.gov/DONKI/view/FLR/45261/-1,,,2026-03-22,58.0,GOES-P: EXIS 1.0-8.0
2026-03-24T17:18:00-FLR-001,M2M_CATALOG,[{'displayName': 'GOES-P: EXIS 1.0-8.0'}],2026-03-24 17:18:00+00:00,2026-03-24 17:54:00+00:00,2026-03-24 18:25:00+00:00,C7.2,N12E90,,,2026-03-24T21:48Z,1,https://webtools.ccmc.gsfc.nasa.gov/DONKI/view/FLR/45287/-1,[{'activityID': '2026-03-24T20:15:00-CME-001'}],,2026-03-24,67.0,GOES-P: EXIS 1.0-8.0
2026-03-24T23:52:00-FLR-001,M2M_CATALOG,[{'displayName': 'GOES-P: EXIS 1.0-8.0'}],2026-03-24 23:52:00+00:00,2026-03-25 00:12:00+00:00,2026-03-25 00:14:00+00:00,C2.9,S14W52,14400.0,Double-peaked flare preceding a C3.7 flare peaking at 2026-03-25T00:30Z.,2026-03-25T01:51Z,2,https://webtools.ccmc.gsfc.nasa.gov/DONKI/view/FLR/45290/-1,[{'activityID': '2026-03-25T00:45:00-CME-001'}],,2026-03-24,22.0,GOES-P: EXIS 1.0-8.0
2026-03-26T06:11:00-FLR-001,M2M_CATALOG,[{'displayName': 'GOES-P: EXIS 1.0-8.0'}],2026-03-26 06:11:00+00:00,2026-03-26 06:23:00+00:00,2026-03-26 06:31:00+00:00,M3.9,N15E60,14403.0,,2026-03-26T11:07Z,1,https://webtools.ccmc.gsfc.nasa.gov/DONKI/view/FLR/45314/-1,[{'activityID': '2026-03-26T06:48:00-CME-001'}],,2026-03-26,20.0,GOES-P: EXIS 1.0-8.0
2026-03-28T02:16:00-FLR-001,M2M_CATALOG,[{'displayName': 'GOES-P: EXIS 1.0-8.0'}],2026-03-28 02:16:00+00:00,2026-03-28 04:18:00+00:00,2026-03-28 05:35:00+00:00,M1.3,S24E70,14405.0,,2026-03-28T13:40Z,5,https://webtools.ccmc.gsfc.nasa.gov/DONKI/view/FLR/45355/-1,[{'activityID': '2026-03-28T03:48:00-CME-001'}],,2026-03-28,199.0,GOES-P: EXIS 1.0-8.0
2026-03-28T11:18:00-FLR-001,M2M_CATALOG,[{'displayName': 'GOES-P: EXIS 1.0-8.0'}],2026-03-28 11:18:00+00:00,2026-03-28 11:35:00+00:00,2026-03-28 11:57:00+00:00,C4.1,N15E57,14404.0,,2026-03-28T14:53Z,1,https://webtools.ccmc.gsfc.nasa.gov/DONKI/view/FLR/45368/-1,[{'activityID': '2026-03-28T12:23:00-CME-001'}],,2026-03-28,39.0,GOES-P: EXIS 1.0-8.0
2026-03-30T02:47:00-FLR-001,M2M_CATALOG,[{'displayName': 'GOES-P: EXIS 1.0-8.0'}],2026-03-30 02:47:00+00:00,2026-03-30 03:19:00+00:00,2026-03-30 03:44:00+00:00,X1.4,S27E45,14405.0,,2026-03-30T10:36Z,3,https://webtools.ccmc.gsfc.nasa.gov/DONKI/view/FLR/45392/-1,[{'activityID': '2026-03-30T03:24:00-CME-001'}],"[{'messageID': '20260330-AL-001', 'messageIssueTime': '2026-03-30T03:07Z', 'messageURL': 'https://webtools.ccmc.gsfc.nasa.gov/DONKI/view/Alert/45393/1'}, {'messageID': '20260330-AL-002', 'messageIssueTime': '2026-03-30T03:46Z', 'messageURL': 'https://webtools.ccmc.gsfc.nasa.gov/DONKI/view/Alert/45394/1'}]",2026-03-30,57.0,GOES-P: EXIS 1.0-8.0
2026-03-31T00:55:00-FLR-001,M2M_CATALOG,[{'displayName': 'GOES-P: EXIS 1.0-8.0'}],2026-03-31 00:55:00+00:00,2026-03-31 01:01:00+00:00,2026-03-31 01:04:00+00:00,C1.5,N16E00,14403.0,,2026-03-31T12:41Z,1,https://webtools.ccmc.gsfc.nasa.gov/DONKI/view/FLR/45429/-1,[{'activityID': '2026-03-31T01:48:00-CME-001'}],,2026-03-31,9.0,GOES-P: EXIS 1.0-8.0
2026-03-31T10:27:00-FLR-001,M2M_CATALOG,[{'displayName': 'GOES-P: EXIS 1.0-8.0'}],2026-03-31 10:27:00+00:00,2026-03-31 10:39:00+00:00,2026-03-31 10:49:00+00:00,C1.1,N16W05,14403.0,,2026-03-31T18:01Z,2,https://webtools.ccmc.gsfc.nasa.gov/DONKI/view/FLR/45434/-1,[{'activityID': '2026-03-31T11:24:00-CME-001'}],,2026-03-31,22.0,GOES-P: EXIS 1.0-8.0
2026-04-01T13:38:00-FLR-001,M2M_CATALOG,[{'displayName': 'GOES-P: EXIS 1.0-8.0'}],2026-04-01 13:38:00+00:00,2026-04-01 13:48:00+00:00,2026-04-01 13:55:00+00:00,C5.3,N02E30,14409.0,,2026-04-01T20:29Z,1,https://webtools.ccmc.gsfc.nasa.gov/DONKI/view/FLR/45473/-1,[{'activityID': '2026-04-01T15:48:00-CME-001'}],,2026-04-01,17.0,GOES-P: EXIS 1.0-8.0
2026-04-01T23:08:00-FLR-001,M2M_CATALOG,[{'displayName': 'GOES-P: EXIS 1.0-8.0'}],2026-04-01 23:08:00+00:00,2026-04-01 23:28:00+00:00,2026-04-01 23:45:00+00:00,C6.1,N20W23,14403.0,,2026-04-02T02:57Z,1,https://webtools.ccmc.gsfc.nasa.gov/DONKI/view/FLR/45491/-1,[{'activityID': '2026-04-01T23:45:00-CME-001'}],,2026-04-01,37.0,GOES-P: EXIS 1.0-8.0
2026-04-02T17:23:00-FLR-001,M2M_CATALOG,[{'displayName': 'GOES-P: EXIS 1.0-8.0'}],2026-04-02 17:23:00+00:00,2026-04-02 18:15:00+00:00,2026-04-02 18:34:00+00:00,M3.5,N12W18,14404.0,,2026-04-02T18:38Z,1,https://webtools.ccmc.gsfc.nasa.gov/DONKI/view/FLR/45514/-1,[{'activityID': '2026-04-02T18:48:00-CME-001'}],,2026-04-02,71.0,GOES-P: EXIS 1.0-8.0
2026-04-03T07:45:00-FLR-001,M2M_CATALOG,[{'displayName': 'GOES-P: EXIS 1.0-8.0'}],2026-04-03 07:45:00+00:00,2026-04-03 07:56:00+00:00,2026-04-03 07:58:00+00:00,M1.3,N02E07,14409.0,,2026-04-03T08:13Z,1,https://webtools.ccmc.gsfc.nasa.gov/DONKI/view/FLR/45527/-1,,,2026-04-03,13.0,GOES-P: EXIS 1.0-8.0
2026-04-03T12:46:00-FLR-001,M2M_CATALOG,[{'displayName': 'GOES-P: EXIS 1.0-8.0'}],2026-04-03 12:46:00+00:00,2026-04-03 12:50:00+00:00,2026-04-03 12:52:00+00:00,M1.3,N02E04,14409.0,,2026-04-03T14:06Z,3,https://webtools.ccmc.gsfc.nasa.gov/DONKI/view/FLR/45532/-1,,,2026-04-03,6.0,GOES-P: EXIS 1.0-8.0
2026-04-04T01:07:00-FLR-001,M2M_CATALOG,[{'displayName': 'GOES-P: EXIS 1.0-8.0'}],2026-04-04 01:07:00+00:00,2026-04-04 01:17:00+00:00,2026-04-04 01:23:00+00:00,M7.5,N02W02,14409.0,,2026-04-04T01:32Z,3,https://webtools.ccmc.gsfc.nasa.gov/DONKI/view/FLR/45538/-1,,"[{'messageID': '20260404-AL-001', 'messageIssueTime': '2026-04-04T01:19Z', 'messageURL': 'https://webtools.ccmc.gsfc.nasa.gov/DONKI/view/Alert/45539/1'}, {'messageID': '20260404-AL-002', 'messageIssueTime': '2026-04-04T01:26Z', 'messageURL': 'https://webtools.ccmc.gsfc.nasa.gov/DONKI/view/Alert/45540/1'}]",2026-04-04,16.0,GOES-P: EXIS 1.0-8.0
2026-04-04T07:38:00-FLR-001,M2M_CATALOG,[{'displayName': 'GOES-P: EXIS 1.0-8.0'}],2026-04-04 07:38:00+00:00,2026-04-04 07:58:00+00:00,2026-04-04 08:14:00+00:00,M1.7,N03W07,14409.0,,2026-04-04T08:18Z,1,https://webtools.ccmc.gsfc.nasa.gov/DONKI/view/FLR/45541/-1,,,2026-04-04,36.0,GOES-P: EXIS 1.0-8.0
2026-04-04T11:58:00-FLR-001,M2M_CATALOG,[{'displayName': 'GOES-P: EXIS 1.0-8.0'}],2026-04-04 11:58:00+00:00,2026-04-04 12:11:00+00:00,2026-04-04 12:22:00+00:00,M1.2,N02W09,14409.0,,2026-04-04T13:31Z,2,https://webtools.ccmc.gsfc.nasa.gov/DONKI/view/FLR/45545/-1,,,2026-04-04,24.0,GOES-P: EXIS 1.0-8.0
2026-04-04T22:54:00-FLR-001,M2M_CATALOG,[{'displayName': 'GOES-P: EXIS 1.0-8.0'}],2026-04-04 22:54:00+00:00,2026-04-04 23:04:00+00:00,2026-04-04 23:14:00+00:00,M1.0,N03W16,14409.0,,2026-04-04T23:22Z,2,https://webtools.ccmc.gsfc.nasa.gov/DONKI/view/FLR/45550/-1,,,2026-04-04,20.0,GOES-P: EXIS 1.0-8.0
2026-04-07T23:10:00-FLR-001,M2M_CATALOG,[{'displayName': 'GOES-P: EXIS 1.0-8.0'}],2026-04-07 23:10:00+00:00,2026-04-07 23:20:00+00:00,2026-04-07 23:26:00+00:00,C2.4,N18E75,14414.0,,2026-04-08T15:46Z,1,https://webtools.ccmc.gsfc.nasa.gov/DONKI/view/FLR/45575/-1,[{'activityID': '2026-04-08T00:15:00-CME-001'}],,2026-04-07,16.0,GOES-P: EXIS 1.0-8.0
2026-04-09T08:23:00-FLR-001,M2M_CATALOG,[{'displayName': 'GOES-S: EXIS 1.0-8.0'}],2026-04-09 08:23:00+00:00,2026-04-09 08:45:00+00:00,2026-04-09 09:05:00+00:00,M1.0,N01W76,14409.0,"GOES-P (GOES-18) eclipse period during this flare, GOES-S used for entry.",2026-04-09T09:11Z,3,https://webtools.ccmc.gsfc.nasa.gov/DONKI/view/FLR/45582/-1,,,2026-04-09,42.0,GOES-S: EXIS 1.0-8.0
2026-04-23T04:24:00-FLR-001,M2M_CATALOG,[{'displayName': 'GOES-P: EXIS 1.0-8.0'}],2026-04-23 04:24:00+00:00,2026-04-23 04:35:00+00:00,2026-04-23 04:40:00+00:00,M1.6,N15W60,14419.0,,2026-04-27T12:15Z,4,https://webtools.ccmc.gsfc.nasa.gov/DONKI/view/FLR/45785/-1,[{'activityID': '2026-04-23T05:00:00-CME-001'}],,2026-04-23,16.0,GOES-P: EXIS 1.0-8.0
2026-04-23T04:41:00-FLR-001,M2M_CATALOG,[{'displayName': 'GOES-P: EXIS 1.0-8.0'}],2026-04-23 04:41:00+00:00,2026-04-23 04:44:00+00:00,2026-04-23 04:46:00+00:00,M1.2,N16E40,14420.0,Simultaneous flaring from ARs 4419 (N15W52) and 4420 (N16E40).,2026-04-27T12:19Z,3,https://webtools.ccmc.gsfc.nasa.gov/DONKI/view/FLR/45786/-1,[{'activityID': '2026-04-23T05:12:00-CME-001'}],,2026-04-23,5.0,GOES-P: EXIS 1.0-8.0
2026-04-23T04:50:00-FLR-001,M2M_CATALOG,[{'displayName': 'GOES-P: EXIS 1.0-8.0'}],2026-04-23 04:50:00+00:00,2026-04-23 04:59:00+00:00,2026-04-23 05:08:00+00:00,M1.2,N16E35,14420.0,,2026-04-27T12:00Z,3,https://webtools.ccmc.gsfc.nasa.gov/DONKI/view/FLR/45787/-1,,,2026-04-23,18.0,GOES-P: EXIS 1.0-8.0
2026-04-23T08:40:00-FLR-001,M2M_CATALOG,[{'displayName': 'GOES-P: EXIS 1.0-8.0'}],2026-04-23 08:40:00+00:00,2026-04-23 08:48:00+00:00,2026-04-23 08:53:00+00:00,M4.3,N15W61,14419.0,,2026-04-27T12:21Z,3,https://webtools.ccmc.gsfc.nasa.gov/DONKI/view/FLR/45788/-1,[{'activityID': '2026-04-23T09:12:00-CME-001'}],,2026-04-23,13.0,GOES-P: EXIS 1.0-8.0
2026-04-23T13:42:00-FLR-001,M2M_CATALOG,[{'displayName': 'GOES-P: EXIS 1.0-8.0'}],2026-04-23 13:42:00+00:00,2026-04-23 14:00:00+00:00,2026-04-23 14:11:00+00:00,M1.7,N17W66,14419.0,,2026-04-23T14:17Z,1,https://webtools.ccmc.gsfc.nasa.gov/DONKI/view/FLR/45798/-1,[{'activityID': '2026-04-23T14:24:00-CME-001'}],,2026-04-23,29.0,GOES-P: EXIS 1.0-8.0
2026-04-23T17:00:00-FLR-001,M2M_CATALOG,[{'displayName': 'GOES-P: EXIS 1.0-8.0'}],2026-04-23 17:00:00+00:00,2026-04-23 17:08:00+00:00,2026-04-23 17:14:00+00:00,M4.9,N15W67,14419.0,,2026-04-27T12:22Z,2,https://webtools.ccmc.gsfc.nasa.gov/DONKI/view/FLR/45805/-1,[{'activityID': '2026-04-23T18:00:00-CME-001'}],,2026-04-23,14.0,GOES-P: EXIS 1.0-8.0
2026-04-24T00:51:00-FLR-001,M2M_CATALOG,[{'displayName': 'GOES-P: EXIS 1.0-8.0'}],2026-04-24 00:51:00+00:00,2026-04-24 01:07:00+00:00,2026-04-24 01:13:00+00:00,X2.4,N16W68,14419.0,,2026-04-24T01:23Z,2,https://webtools.ccmc.gsfc.nasa.gov/DONKI/view/FLR/45828/-1,[{'activityID': '2026-04-24T01:24:00-CME-001'}],"[{'messageID': '20260424-AL-001', 'messageIssueTime': '2026-04-24T01:08Z', 'messageURL': 'https://webtools.ccmc.gsfc.nasa.gov/DONKI/view/Alert/45829/1'}, {'messageID': '20260424-AL-002', 'messageIssueTime': '2026-04-24T01:25Z', 'messageURL': 'https://webtools.ccmc.gsfc.nasa.gov/DONKI/view/Alert/45830/1'}]",2026-04-24,22.0,GOES-P: EXIS 1.0-8.0
2026-04-24T08:01:00-FLR-001,M2M_CATALOG,[{'displayName': 'GOES-P: EXIS 1.0-8.0'}],2026-04-24 08:01:00+00:00,2026-04-24 08:13:00+00:00,2026-04-24 08:18:00+00:00,X2.5,N16W70,14419.0,,2026-04-24T11:07Z,3,https://webtools.ccmc.gsfc.nasa.gov/DONKI/view/FLR/45836/-1,[{'activityID': '2026-04-24T08:24:00-CME-001'}],"[{'messageID': '20260424-AL-004', 'messageIssueTime': '2026-04-24T08:14Z', 'messageURL': 'https://webtools.ccmc.gsfc.nasa.gov/DONKI/view/Alert/45837/1'}, {'messageID': '20260424-AL-005', 'messageIssueTime': '2026-04-24T11:10Z', 'messageURL': 'https://webtools.ccmc.gsfc.nasa.gov/DONKI/view/Alert/45838/1'}]",2026-04-24,17.0,GOES-P: EXIS 1.0-8.0
2026-04-24T08:57:00-FLR-001,M2M_CATALOG,[{'displayName': 'GOES-P: EXIS 1.0-8.0'}],2026-04-24 08:57:00+00:00,2026-04-24 09:07:00+00:00,2026-04-24 09:19:00+00:00,M1.9,S05E40,14423.0,,2026-04-24T11:14Z,1,https://webtools.ccmc.gsfc.nasa.gov/DONKI/view/FLR/45839/-1,[{'activityID': '2026-04-24T09:08:00-CME-001'}],,2026-04-24,22.0,GOES-P: EXIS 1.0-8.0
2026-04-24T12:34:00-FLR-001,M2M_CATALOG,[{'displayName': 'GOES-P: EXIS 1.0-8.0'}],2026-04-24 12:34:00+00:00,2026-04-24 13:01:00+00:00,2026-04-24 13:14:00+00:00,M1.7,S06E38,14423.0,"Concurrent brightening with an unnumbered region around the east limb ~N06. That area brightens alongside AR 14423, with AR 14423 taking the peak brightness at 2026-04-24T13:01Z, unable to cleanly separate the brightenings in the GOES-P X-ray flux timeline.",2026-04-24T13:29Z,1,https://webtools.ccmc.gsfc.nasa.gov/DONKI/view/FLR/45848/-1,,,2026-04-24,40.0,GOES-P: EXIS 1.0-8.0
2026-04-24T17:54:00-FLR-001,M2M_CATALOG,[{'displayName': 'GOES-P: EXIS 1.0-8.0'}],2026-04-24 17:54:00+00:00,2026-04-24 18:15:00+00:00,2026-04-24 18:30:00+00:00,M6.4,N15W78,14419.0,,2026-04-24T18:50Z,3,https://webtools.ccmc.gsfc.nasa.gov/DONKI/view/FLR/45860/-1,[{'activityID': '2026-04-24T19:30:00-CME-001'}],"[{'messageID': '20260424-AL-008', 'messageIssueTime': '2026-04-24T18:13Z', 'messageURL': 'https://webtools.ccmc.gsfc.nasa.gov/DONKI/view/Alert/45861/1'}, {'messageID': '20260424-AL-009', 'messageIssueTime': '2026-04-24T18:23Z', 'messageURL': 'https://webtools.ccmc.gsfc.nasa.gov/DONKI/view/Alert/45862/1'}]",2026-04-24,36.0,GOES-P: EXIS 1.0-8.0
2026-04-25T07:56:00-FLR-001,M2M_CATALOG,[{'displayName': 'GOES-P: EXIS 1.0-8.0'}],2026-04-25 07:56:00+00:00,2026-04-25 07:59:00+00:00,2026-04-25 08:03:00+00:00,M1.3,S05E27,14423.0,,2026-04-25T12:02Z,1,https://webtools.ccmc.gsfc.nasa.gov/DONKI/view/FLR/45872/-1,,,2026-04-25,7.0,GOES-P: EXIS 1.0-8.0
2026-04-25T14:22:00-FLR-001,M2M_CATALOG,[{'displayName': 'GOES-P: EXIS 1.0-8.0'}],2026-04-25 14:22:00+00:00,2026-04-25 14:30:00+00:00,2026-04-25 14:32:00+00:00,M1.1,N07E70,14425.0,,2026-04-25T15:18Z,2,https://webtools.ccmc.gsfc.nasa.gov/DONKI/view/FLR/45873/-1,,,2026-04-25,10.0,GOES-P: EXIS 1.0-8.0
2026-04-26T00:08:00-FLR-001,M2M_CATALOG,[{'displayName': 'GOES-P: EXIS 1.0-8.0'}],2026-04-26 00:08:00+00:00,2026-04-26 00:23:00+00:00,2026-04-26 00:35:00+00:00,M1.3,N06E64,14425.0,,2026-04-26T00:48Z,1,https://webtools.ccmc.gsfc.nasa.gov/DONKI/view/FLR/45885/-1,[{'activityID': '2026-04-26T01:48:00-CME-001'}],,2026-04-26,27.0,GOES-P: EXIS 1.0-8.0
2026-04-26T13:54:00-FLR-001,M2M_CATALOG,[{'displayName': 'GOES-P: EXIS 1.0-8.0'}],2026-04-26 13:54:00+00:00,2026-04-26 14:03:00+00:00,2026-04-26 14:08:00+00:00,M1.4,N15W15,14420.0,,2026-04-26T14:20Z,1,https://webtools.ccmc.gsfc.nasa.gov/DONKI/view/FLR/45889/-1,,,2026-04-26,14.0,GOES-P: EXIS 1.0-8.0
2026-04-26T19:18:00-FLR-001,M2M_CATALOG,[{'displayName': 'GOES-P: EXIS 1.0-8.0'}],2026-04-26 19:18:00+00:00,2026-04-26 19:24:00+00:00,2026-04-26 19:27:00+00:00,M1.7,N17W14,14420.0,"There is a simultaneous, longer duration significant flare from Active region 14425 (N06E52) contributing to this event.",2026-04-26T20:00Z,4,https://webtools.ccmc.gsfc.nasa.gov/DONKI/view/FLR/45897/-1,,,2026-04-26,9.0,GOES-P: EXIS 1.0-8.0
2026-04-26T19:54:00-FLR-001,M2M_CATALOG,[{'displayName': 'GOES-P: EXIS 1.0-8.0'}],2026-04-26 19:54:00+00:00,2026-04-26 20:04:00+00:00,2026-04-26 20:07:00+00:00,M2.2,N06E52,14425.0,,2026-04-26T20:13Z,1,https://webtools.ccmc.gsfc.nasa.gov/DONKI/view/FLR/45898/-1,,,2026-04-26,13.0,GOES-P: EXIS 1.0-8.0
2026-04-26T22:51:00-FLR-001,M2M_CATALOG,[{'displayName': 'GOES-P: EXIS 1.0-8.0'}],2026-04-26 22:51:00+00:00,2026-04-26 22:57:00+00:00,2026-04-26 23:02:00+00:00,M6.0,N15W18,14420.0,,2026-04-26T23:10Z,2,https://webtools.ccmc.gsfc.nasa.gov/DONKI/view/FLR/45899/-1,,"[{'messageID': '20260426-AL-001', 'messageIssueTime': '2026-04-26T23:02Z', 'messageURL': 'https://webtools.ccmc.gsfc.nasa.gov/DONKI/view/Alert/45900/1'}, {'messageID': '20260426-AL-002', 'messageIssueTime': '2026-04-26T23:11Z', 'messageURL': 'https://webtools.ccmc.gsfc.nasa.gov/DONKI/view/Alert/45902/1'}]",2026-04-26,11.0,GOES-P: EXIS 1.0-8.0
2026-04-27T06:39:00-FLR-001,M2M_CATALOG,[{'displayName': 'GOES-P: EXIS 1.0-8.0'}],2026-04-27 06:39:00+00:00,2026-04-27 06:45:00+00:00,2026-04-27 06:50:00+00:00,M1.0,N06E44,14425.0,,2026-04-27T11:02Z,1,https://webtools.ccmc.gsfc.nasa.gov/DONKI/view/FLR/45905/-1,,,2026-04-27,11.0,GOES-P: EXIS 1.0-8.0
2026-04-28T12:17:00-FLR-001,M2M_CATALOG,[{'displayName': 'GOES-P: EXIS 1.0-8.0'}],2026-04-28 12:17:00+00:00,2026-04-28 12:23:00+00:00,2026-04-28 12:29:00+00:00,M1.0,N14W39,14420.0,,2026-04-28T12:36Z,1,https://webtools.ccmc.gsfc.nasa.gov/DONKI/view/FLR/45914/-1,,,2026-04-28,12.0,GOES-P: EXIS 1.0-8.0
2026-04-28T13:49:00-FLR-001,M2M_CATALOG,[{'displayName': 'GOES-P: EXIS 1.0-8.0'}],2026-04-28 13:49:00+00:00,2026-04-28 13:53:00+00:00,2026-04-28 13:55:00+00:00,M1.5,N16W38,14420.0,,2026-04-28T14:07Z,1,https://webtools.ccmc.gsfc.nasa.gov/DONKI/view/FLR/45915/-1,,,2026-04-28,6.0,GOES-P: EXIS 1.0-8.0
2026-04-28T14:03:00-FLR-001,M2M_CATALOG,[{'displayName': 'GOES-P: EXIS 1.0-8.0'}],2026-04-28 14:03:00+00:00,2026-04-28 14:07:00+00:00,2026-04-28 14:09:00+00:00,M1.1,N16W40,14420.0,,2026-04-28T14:22Z,1,https://webtools.ccmc.gsfc.nasa.gov/DONKI/view/FLR/45916/-1,,,2026-04-28,6.0,GOES-P: EXIS 1.0-8.0
2026-05-02T10:44:00-FLR-001,M2M_CATALOG,[{'displayName': 'GOES-P: EXIS 1.0-8.0'}],2026-05-02 10:44:00+00:00,2026-05-02 11:04:00+00:00,2026-05-02 11:26:00+00:00,C4.0,N16W75,14420.0,,2026-05-04T15:41Z,2,https://webtools.ccmc.gsfc.nasa.gov/DONKI/view/FLR/45955/-1,[{'activityID': '2026-05-02T11:24:00-CME-001'}],,2026-05-02,42.0,GOES-P: EXIS 1.0-8.0
2026-05-02T18:30:00-FLR-001,M2M_CATALOG,[{'displayName': 'GOES-P: EXIS 1.0-8.0'}],2026-05-02 18:30:00+00:00,2026-05-02 18:38:00+00:00,2026-05-02 18:42:00+00:00,C8.7,N16W90,14420.0,,2026-05-02T22:12Z,1,https://webtools.ccmc.gsfc.nasa.gov/DONKI/view/FLR/45968/-1,[{'activityID': '2026-05-02T19:00:00-CME-001'}],,2026-05-02,12.0,GOES-P: EXIS 1.0-8.0
2026-05-04T01:13:00-FLR-001,M2M_CATALOG,[{'displayName': 'GOES-P: EXIS 1.0-8.0'}],2026-05-04 01:13:00+00:00,2026-05-04 01:33:00+00:00,2026-05-04 01:44:00+00:00,M1.8,N17W80,14424.0,,2026-05-04T01:50Z,1,https://webtools.ccmc.gsfc.nasa.gov/DONKI/view/FLR/45975/-1,,,2026-05-04,31.0,GOES-P: EXIS 1.0-8.0
2026-05-07T14:20:00-FLR-001,M2M_CATALOG,[{'displayName': 'GOES-P: EXIS 1.0-8.0'}],2026-05-07 14:20:00+00:00,2026-05-07 15:14:00+00:00,2026-05-07 15:40:00+00:00,M2.6,N18E90,,Eruption from an active region currently located around the east limb. Approximate location around E110-E100 as observed from Solar Orbiter EUI 195 at 2026-05-07T00:01Z and rotation of the sun since that image was taken.,2026-05-07T15:48Z,2,https://webtools.ccmc.gsfc.nasa.gov/DONKI/view/FLR/46028/-1,[{'activityID': '2026-05-07T15:23:00-CME-001'}],,2026-05-07,80.0,GOES-P: EXIS 1.0-8.0
